PRAGMA foreign_keys=OFF;
BEGIN TRANSACTION;

DROP TABLE IF EXISTS tupa;
DROP TABLE IF EXISTS jasenet;
DROP TABLE IF EXISTS joukkueet;
DROP TABLE IF EXISTS sarjat;
DROP TABLE IF EXISTS rastit;
DROP TABLE IF EXISTS kilpailut;


CREATE TABLE kilpailut (
   id        INTEGER  NOT NULL PRIMARY KEY AUTOINCREMENT, 
   nimi      VARCHAR(128) NOT NULL,
   alkuaika  DATETIME  NOT NULL CHECK( alkuaika < loppuaika),
   loppuaika DATETIME  NOT NULL CHECK( loppuaika > alkuaika),
   kesto     INTEGER  NOT NULL CHECK( kesto > 0 )
);
INSERT INTO "kilpailut" VALUES(5172934059196499,'Jäärogaining','2015-03-15 09:00:00','2015-03-17 20:00:00',1);
INSERT INTO "kilpailut" VALUES(5272934059196499,'Fillarirogaining','2016-03-15 09:00:00','2016-03-17 20:00:00',1);
INSERT INTO "kilpailut" VALUES(5372934059196416,'Kintturogaining','2017-03-18 09:00:00','2017-03-18 20:00:00',1);
CREATE TABLE sarjat(
   id        INTEGER  NOT NULL PRIMARY KEY  AUTOINCREMENT,
   nimi      VARCHAR(16) NOT NULL,
   matka     VARCHAR(16) NOT NULL,
   alkuaika  DATETIME  NULL CHECK( alkuaika < loppuaika),
   loppuaika DATETIME  NULL CHECK( loppuaika > alkuaika),
   kesto     INTEGER  NOT NULL CHECK( kesto > 0 ),
   kilpailu  INTEGER  NOT NULL,
   CONSTRAINT sarjat_kilpailu 
	FOREIGN KEY (kilpailu)
	REFERENCES kilpailut (id)
		ON DELETE NO ACTION
		ON UPDATE CASCADE

);
INSERT INTO "sarjat" VALUES(4751022794735616,'4 h','-',NULL,NULL,4,5372934059196416);
INSERT INTO "sarjat" VALUES(5088228730208256,'2 h','-',NULL,NULL,2,5372934059196416);
INSERT INTO "sarjat" VALUES(5639189416640512,'8 h','-',NULL,NULL,8,5372934059196416);
CREATE TABLE rastit(
   id       INTEGER NOT NULL PRIMARY KEY  AUTOINCREMENT,
   koodi    VARCHAR(24) NOT NULL,
   lon      NUMERIC(9,6) NOT NULL,
   lat      NUMERIC(9,6) NOT NULL,
   kilpailu INTEGER  NOT NULL,
   CONSTRAINT rastit_kilpailu 
	FOREIGN KEY (kilpailu)
	REFERENCES kilpailut (id)
		ON DELETE NO ACTION
		ON UPDATE CASCADE
);
INSERT INTO "rastit" VALUES(0,'Tuntematon',25.666688,62.13028,5372934059196416);
INSERT INTO "rastit" VALUES(4554615953555456,'66',25.542413,62.120776,5372934059196416);
INSERT INTO "rastit" VALUES(4613241183404032,'6D',25.496872,62.156532,5372934059196416);
INSERT INTO "rastit" VALUES(4642982221316096,'91',25.714338,62.112172,5372934059196416);
INSERT INTO "rastit" VALUES(4669246617419776,'48',25.544984,62.099795,5372934059196416);
INSERT INTO "rastit" VALUES(4685962630135808,'31',25.737019,62.133029,5372934059196416);
INSERT INTO "rastit" VALUES(4741461794881536,'85',25.518665,62.110562,5372934059196416);
INSERT INTO "rastit" VALUES(4750123938611200,'69',25.615203,62.115047,5372934059196416);
INSERT INTO "rastit" VALUES(4763145205710848,'99',25.729848,62.088183,5372934059196416);
INSERT INTO "rastit" VALUES(4771528579219456,'60',25.644512,62.11183,5372934059196416);
INSERT INTO "rastit" VALUES(4794764486508544,'63',25.618079,62.148123,5372934059196416);
INSERT INTO "rastit" VALUES(4810425279447040,'70',25.605762,62.134681,5372934059196416);
INSERT INTO "rastit" VALUES(4821274903707648,'LAHTO',25.666688,62.13028,5372934059196416);
INSERT INTO "rastit" VALUES(4828368713285632,'90',25.63595,62.10393,5372934059196416);
INSERT INTO "rastit" VALUES(4854848931495936,'34',25.573049,62.122986,5372934059196416);
INSERT INTO "rastit" VALUES(4875454842404864,'37',25.628228,62.11906,5372934059196416);
INSERT INTO "rastit" VALUES(4894820447289344,'5C',25.652877,62.089674,5372934059196416);
INSERT INTO "rastit" VALUES(4913030705971200,'44',25.626533,62.129767,5372934059196416);
INSERT INTO "rastit" VALUES(4928404407189504,'79',25.695688,62.086189,5372934059196416);
INSERT INTO "rastit" VALUES(4967437606846464,'82',25.597278,62.127323,5372934059196416);
INSERT INTO "rastit" VALUES(4985069521338368,'64',25.628236,62.095187,5372934059196416);
INSERT INTO "rastit" VALUES(5064464005070848,'6F',25.509358,62.141243,5372934059196416);
INSERT INTO "rastit" VALUES(5076239463219200,'41',25.668097,62.136462,5372934059196416);
INSERT INTO "rastit" VALUES(5091900256157696,'40',25.540227,62.153864,5372934059196416);
INSERT INTO "rastit" VALUES(5102749880418304,'5A',25.673997,62.102194,5372934059196416);
INSERT INTO "rastit" VALUES(5176191136825344,'92',25.493141,62.144852,5372934059196416);
INSERT INTO "rastit" VALUES(5179900512174080,'5B',25.718561,62.118784,5372934059196416);
INSERT INTO "rastit" VALUES(5209879383900160,'49',25.678314,62.121247,5372934059196416);
INSERT INTO "rastit" VALUES(5232196570841088,'78',25.553191,62.111294,5372934059196416);
INSERT INTO "rastit" VALUES(5248912583557120,'56',25.691051,62.098636,5372934059196416);
INSERT INTO "rastit" VALUES(5266544498049024,'42',25.733259,62.078212,5372934059196416);
INSERT INTO "rastit" VALUES(5313972748156928,'67',25.535011,62.139918,5372934059196416);
INSERT INTO "rastit" VALUES(5334478532640768,'7C',25.56252,62.138397,5372934059196416);
INSERT INTO "rastit" VALUES(5357714439929856,'96',25.680401,62.091567,5372934059196416);
INSERT INTO "rastit" VALUES(5373190012403712,'53',25.498431,62.13232,5372934059196416);
INSERT INTO "rastit" VALUES(5373375232868352,'95',25.57761,62.132964,5372934059196416);
INSERT INTO "rastit" VALUES(5417798884917248,'76',25.590916,62.142319,5372934059196416);
INSERT INTO "rastit" VALUES(5445149236658176,'46',25.50711,62.15146,5372934059196416);
INSERT INTO "rastit" VALUES(5466832647487488,'58',25.704639,62.126591,5372934059196416);
INSERT INTO "rastit" VALUES(5475980659392512,'83',25.665822,62.147298,5372934059196416);
INSERT INTO "rastit" VALUES(5528034857713664,'51',25.558017,62.125561,5372934059196416);
INSERT INTO "rastit" VALUES(5548019474759680,'97',25.671071,62.087827,5372934059196416);
INSERT INTO "rastit" VALUES(5557775895625728,'5E',25.563169,62.147942,5372934059196416);
INSERT INTO "rastit" VALUES(5627413958492160,'94',25.649234,62.124222,5372934059196416);
INSERT INTO "rastit" VALUES(5665699833839616,'47',25.586932,62.100104,5372934059196416);
INSERT INTO "rastit" VALUES(5680515860398080,'74',25.52873,62.153364,5372934059196416);
INSERT INTO "rastit" VALUES(5720036136189952,'73',25.522034,62.099512,5372934059196416);
INSERT INTO "rastit" VALUES(5739141090246656,'7B',25.750133,62.126639,5372934059196416);
INSERT INTO "rastit" VALUES(5795146524262400,'6A',25.718473,62.141674,5372934059196416);
INSERT INTO "rastit" VALUES(5811862536978432,'43',25.61344,62.107914,5372934059196416);
INSERT INTO "rastit" VALUES(5844366849474560,'71',25.716227,62.093545,5372934059196416);
INSERT INTO "rastit" VALUES(5876023845453824,'77',25.565572,62.101185,5372934059196416);
INSERT INTO "rastit" VALUES(5876922701578240,'33',25.560594,62.153435,5372934059196416);
INSERT INTO "rastit" VALUES(5897428486062080,'6E',25.647515,62.09468,5372934059196416);
INSERT INTO "rastit" VALUES(5920664393351168,'80',25.728135,62.100413,5372934059196416);
INSERT INTO "rastit" VALUES(5936325186289664,'7E',25.540316,62.131251,5372934059196416);
INSERT INTO "rastit" VALUES(5980748838338560,'68',25.597308,62.149572,5372934059196416);
INSERT INTO "rastit" VALUES(6001354749247488,'7A',25.682473,62.134123,5372934059196416);
INSERT INTO "rastit" VALUES(6020720354131968,'89',25.7288,62.109962,5372934059196416);
INSERT INTO "rastit" VALUES(6029782600908800,'45',25.569589,62.115924,5372934059196416);
INSERT INTO "rastit" VALUES(6038930612813824,'57',25.523811,62.135094,5372934059196416);
INSERT INTO "rastit" VALUES(6090984811134976,'38',25.513792,62.147825,5372934059196416);
INSERT INTO "rastit" VALUES(6110969428180992,'81',25.668757,62.113906,5372934059196416);
INSERT INTO "rastit" VALUES(6120725849047040,'50',25.628636,62.141654,5372934059196416);
INSERT INTO "rastit" VALUES(6190363911913472,'7D',25.686679,62.081466,5372934059196416);
INSERT INTO "rastit" VALUES(6202139370061824,'54',25.589347,62.108717,5372934059196416);
INSERT INTO "rastit" VALUES(6214128637050880,'72',25.645642,62.146315,5372934059196416);
INSERT INTO "rastit" VALUES(6217800163000320,'62',25.732937,62.095246,5372934059196416);
INSERT INTO "rastit" VALUES(6228649787260928,'86',25.576022,62.149229,5372934059196416);
INSERT INTO "rastit" VALUES(6235743596838912,'5D',25.531059,62.123662,5372934059196416);
INSERT INTO "rastit" VALUES(6305800419016704,'88',25.526039,62.142258,5372934059196416);
INSERT INTO "rastit" VALUES(6320405589524480,'32',25.694017,62.144101,5372934059196416);
INSERT INTO "rastit" VALUES(6335779290742784,'6B',25.49602,62.125632,5372934059196416);
INSERT INTO "rastit" VALUES(6358096477683712,'MAALI',25.669574,62.131769,5372934059196416);
INSERT INTO "rastit" VALUES(6374812490399744,'65',25.743788,62.115241,5372934059196416);
INSERT INTO "rastit" VALUES(6392444404891648,'55',25.606234,62.093203,5372934059196416);
INSERT INTO "rastit" VALUES(6439872654999552,'75',25.694911,62.117266,5372934059196416);
INSERT INTO "rastit" VALUES(6460378439483392,'93',25.519131,62.156431,5372934059196416);
INSERT INTO "rastit" VALUES(6471838888624128,'61',25.531926,62.147942,5372934059196416);
INSERT INTO "rastit" VALUES(6498833966039040,'36',25.724837,62.128162,5372934059196416);
INSERT INTO "rastit" VALUES(6529450237755392,'39',25.524245,62.118778,5372934059196416);
INSERT INTO "rastit" VALUES(6571049143500800,'59',25.503483,62.115914,5372934059196416);
INSERT INTO "rastit" VALUES(6579711287230464,'35',25.648821,62.140919,5372934059196416);
INSERT INTO "rastit" VALUES(6592732554330112,'84',25.661916,62.094023,5372934059196416);
INSERT INTO "rastit" VALUES(6601115927838720,'52',25.599044,62.120424,5372934059196416);
INSERT INTO "rastit" VALUES(6601880566235136,'98',25.650436,62.131207,5372934059196416);
INSERT INTO "rastit" VALUES(6653934764556288,'5F',25.674748,62.127514,5372934059196416);
INSERT INTO "rastit" VALUES(6683675802468352,'6C',25.687644,62.10758,5372934059196416);
CREATE TABLE joukkueet(
  id    INTEGER  NOT NULL PRIMARY KEY  AUTOINCREMENT,
  nimi  VARCHAR(128) NOT NULL,
  salasana VARCHAR(512) NULL,
  sarja INTEGER  NOT NULL,
  jasenet VARCHAR(2048)  DEFAULT '[]',
  CONSTRAINT joukkueet_unique
   UNIQUE ( nimi, sarja ),
  CONSTRAINT joukkueet_sarja 
	FOREIGN KEY (sarja)
	REFERENCES sarjat (id)
		ON DELETE NO ACTION
		ON UPDATE CASCADE
);
INSERT INTO "joukkueet" VALUES(4718466942631936,'Onnenonkijat','92cb685a0df33f59ffd217cffe0d05fa09903d458987f98d4ab0b45fb69c5c2973da1602796cc9fcfb8d86022865c32d9e1ab8d30b9a49ce3472acbbca4c0a18',5639189416640512,'["Antero Paununen", "Pekka Paununen", "Raimo Laine"]');
INSERT INTO "joukkueet" VALUES(4882199283236864,'Mudan Ystävät','c2599c5bbca5316a1d2297f05baf8fe1cba36f32d3718edd4ad9a10fcedbbefaf65fbb05add81e38bb65dc523037281d69083841baf2a8d7305c34b39e42c8f2',5639189416640512,'["Kaija Kinnunen", "Teija Kinnunen"]');
INSERT INTO "joukkueet" VALUES(4908424756199424,'Vara 3','bfd9abde25e3d28dd404f206f730d3aacf124f51194e11a067839ab9683221300c3d7fc5e430cc729de508145bbbd959989ce0e1b6e0ba8b310c20fd847a5bb0',5639189416640512,'["barbar"]');
INSERT INTO "joukkueet" VALUES(4965084904292352,'Tollot','3c5402f4c95f3638b42a02860f4b60e1c4e110c0420e614f4bb6ff48acda9f688e6c2bb270de263c9b9b0817854966aba18bd612e44b75ea65c1eb0182828506',5639189416640512,'["Juju", "Tappi"]');
INSERT INTO "joukkueet" VALUES(5156929819115520,'Kahden joukkue','f8b05c35a4ac72d77dcfb6038eeeb11377ef5f3883d72de8ef927905dec89c3b585fb3d44a6b9b3c4b47e9c76f22c98211b4b50e3ea5a1ae4bf70f2c4bc77526',5639189416640512,'["Matti Humppa", "Miikka Talvinen"]');
INSERT INTO "joukkueet" VALUES(5176295424000000,'Siskokset','e7f980bb80b04dc66a9263d45ac6b5e654273d613a666ba233f92b266737a6957e52bb308d900c7ce2e20fe02f31521777157f98fffbc70c0f449a94030c1dd1',5639189416640512,'["Sanna Haavikko", "Seija Kallio"]');
INSERT INTO "joukkueet" VALUES(5389650071912448,'Dynamic Duo','92ffa051372a9bcfe856d84a4a9bcd0ac0d119973841a6ebeb54b91c87c5eca7f472523825a9c1c19bfef3d2c4a68f820dfbadd93a4cbbd1a44a21e8038bcba3',5639189416640512,'["Karhusolan Rentukka", "Kutajoen Tiukunen"]');
INSERT INTO "joukkueet" VALUES(5403550330912768,'Toipilas','ffbc8c07a3583bb4835bd15a29718e8f567dccf021c62abc828220b88d76078f4dce6e749b22e0f0ddbc0aebeda32535b4f2c5cc13b3a757a1a8058de182fcec',5639189416640512,'["Leena Annila", "Satu Lehtonen"]');
INSERT INTO "joukkueet" VALUES(5453811380387840,'Sopupeli','8f6088180b9e4b20ba872687a689e853c3b24617b514841815087b915740da6a814c4cde0a1871e30c65fa3a6f5a3c6a8eaa42d70f7aa4f875257509c3dd7e7d',5639189416640512,'["Antti Haukio", "Janne Hautanen", "Taina Pekkanen", "Venla Kujala"]');
INSERT INTO "joukkueet" VALUES(5461375488884736,'Retkellä v 13','388d5fbb49ec9a9c517f8bd98940f3b00071593d177a9e85b66757b7b4a1137b720dd34e84366251735291ebcfe92d752fddf11d90fb397fc580e8a377577bd8',4751022794735616,'["Henna Venäläinen", "Katja Vitikka"]');
INSERT INTO "joukkueet" VALUES(5574962744131584,'Pelättimet','66c83f8abdc4e2e5db68743fd664cd8b28bb7963cbbb945d33d4ec55e81914804b8c57c589d8b4335828df6e1df0754543026d741abb89e495bba5c547316eaa',4751022794735616,'["Kari Vaara", "Katja Vaara"]');
INSERT INTO "joukkueet" VALUES(5654850209579008,'Kaakelin putsaajat','eb73c461c798c7aa9d1c6a5478e396e4748e1413affda9fd495c4de213f5f67af212627ca31f42bf134d18dc89a1b45003f6e2eea2cec073f372b05ce8281c3e',5639189416640512,'["Jaana Kaajanen", "Mikko Kaajanen", "Timo Ruonanen"]');
INSERT INTO "joukkueet" VALUES(5694912590774272,'Vara 1','394fb348c8da3f1599c2efc951c99a0dcf39ccf08b1606583b575bdf4af02ee1f2cb51f4a7ff70e201619392243d1dfdf9b3a10b987c37d3e442351d7b202f60',5639189416640512,'[]');
INSERT INTO "joukkueet" VALUES(5966500284334080,'Hullut fillaristit','197561823a79de6bcf675d834ac15095cdb6d7d7dc4767efb2b38fd0cff3c377265f56699e900fa5b648c80cab454546d42f725c2e7be2f37226d7af4ae1571e',5088228730208256,'["Hannele Saari", "Paula Kujala"]');
INSERT INTO "joukkueet" VALUES(6008099190079488,'Kotilot','f6231e9477e70c59d3ef5e72d97732becf76390d4ec38dcbcb16ab39134faa5e5f47e8795e24349f7f3719f33c7eff3051aab98f24d0915822ebbc4570413fe1',5088228730208256,'["Jaana Meikäläinen", "Kaisa Konttinen", "Maija Meikäläinen", "Niina Salonen"]');
INSERT INTO "joukkueet" VALUES(6016761333809152,'Rennot 1','a17ea17ab88b6eafd6001d14be03b4b690debcfc88fc74178e67dd188b5d88c16a747229f1e155aeece5cb8cd9bac6453c4ae1277a2590578dc2f17f62a3e898',5639189416640512,'["Anja Huttunen", "Siru Kananen"]');
INSERT INTO "joukkueet" VALUES(6250687935545344,'Vara 2','ef24d6329aae4f0122952232330544612206f03339bd9efe67ab7cc3357a54926cb531305ca1557750c68657800094a4b6536d075fa5e3ce176ffc9c1b1220d3',5639189416640512,'[]');
INSERT INTO "joukkueet" VALUES(6288168907177984,'Vapaat','e50cd0ee4f43b0c802aa5ae03a7a6d7180a51dc7bdd0236dfed5ab8eeb564c206b22264b9f6c886c4ba4710844216983f5ed73a07b3c5722ef40b304c65443a5',4751022794735616,'["Juha Vapaa", "Matti Vapaa"]');
INSERT INTO "joukkueet" VALUES(6302195330842624,'Susi jo syntyessään','0722dbbb56b6174234c357eb356b820ba9ed4bb6e5d3a3356a31d46268c3496cb1d8185f65bd1f79420e63d36b776ed014045075c75117905fc9c9ad7130c272',5639189416640512,'["Janne Pannunen", "Riku Aarnio"]');
INSERT INTO "joukkueet" VALUES(6306646393356288,'Vara 4','b55b16be31f912bb550314043d20d5ff88229a5fe95b12f468c45f82e5d6370525c0d6ab0fe116bb46add3c47bece019e845730ca7d8e340e16f593bb5658cf9',5639189416640512,'[]');
INSERT INTO "joukkueet" VALUES(6515549978755072,'Rennot 2','b035bdd74cfd4f9706ff713a6e8cd514b8582edec4a56e20a0cfe74389e51f8dad95bfc7f13b3dde68783820f29fc3fcccbae68fece79b67fcb08d115ab04220',4751022794735616,'["Heikki Häkkinen", "Pia Virtanen", "Sari Maaninka"]');
INSERT INTO "joukkueet" VALUES(6548054291251200,'Tähdenlento','e678cebe682d6bffdc7899d617acfbd1476b4d6a46c5d732154f0f496de4d9bd9f7bb91ac5364911025efc4415edd907b3f600fbc428e6dd11b9a054625a05f5',4751022794735616,'["Anu", "Virva"]');
INSERT INTO "joukkueet" VALUES(6700862650974208,'RogRog','89ef202fa2df92a85b17b8295d29b0bd6c7d20a864c38584f154bb1c97129150e7566327efc97b34d3d1590a7b89e22a621dbc33bdf89c18425bbd00e6dfd731',5639189416640512,'["Antti Kaakkuri", "Mikko Meikäläinen", "Pekka Kosonen", "Samuli Paavola"]');

CREATE TABLE tupa(
   aika    DATETIME  NOT NULL,
   rasti   INTEGER  NOT NULL,
   joukkue INTEGER  NOT NULL,
   CONSTRAINT tupa_PK
      PRIMARY KEY(aika,rasti,joukkue),
   CONSTRAINT tupa_rasti 
	FOREIGN KEY (rasti)
	REFERENCES rastit (id)
		ON DELETE NO ACTION
		ON UPDATE CASCADE,
   CONSTRAINT tupa_joukkue 
	FOREIGN KEY (joukkue)
	REFERENCES joukkueet (id)
		ON DELETE NO ACTION
		ON UPDATE CASCADE
);
INSERT INTO "tupa" VALUES('2017-03-18 11:56:54',4821274903707648,4718466942631936);
INSERT INTO "tupa" VALUES('2017-03-18 12:00:00',4821274903707648,4718466942631936);
INSERT INTO "tupa" VALUES('2017-03-18 12:00:00',4821274903707648,4882199283236864);
INSERT INTO "tupa" VALUES('2017-03-18 12:00:00',4821274903707648,4965084904292352);
INSERT INTO "tupa" VALUES('2017-03-18 12:00:00',4821274903707648,5156929819115520);
INSERT INTO "tupa" VALUES('2017-03-18 12:00:00',4821274903707648,5176295424000000);
INSERT INTO "tupa" VALUES('2017-03-18 12:00:00',4821274903707648,5389650071912448);
INSERT INTO "tupa" VALUES('2017-03-18 12:00:00',4821274903707648,5574962744131584);
INSERT INTO "tupa" VALUES('2017-03-18 12:00:00',4821274903707648,5654850209579008);
INSERT INTO "tupa" VALUES('2017-03-18 12:00:00',4821274903707648,6008099190079488);
INSERT INTO "tupa" VALUES('2017-03-18 12:00:00',4821274903707648,6016761333809152);
INSERT INTO "tupa" VALUES('2017-03-18 12:00:00',4821274903707648,6288168907177984);
INSERT INTO "tupa" VALUES('2017-03-18 12:00:00',4821274903707648,6302195330842624);
INSERT INTO "tupa" VALUES('2017-03-18 12:00:00',4821274903707648,6515549978755072);
INSERT INTO "tupa" VALUES('2017-03-18 12:00:00',4821274903707648,6700862650974208);
INSERT INTO "tupa" VALUES('2017-03-18 12:00:35',0,5403550330912768);
INSERT INTO "tupa" VALUES('2017-03-18 12:01:46',0,5403550330912768);
INSERT INTO "tupa" VALUES('2017-03-18 12:02:14',4821274903707648,5403550330912768);
INSERT INTO "tupa" VALUES('2017-03-18 12:04:26',6653934764556288,5156929819115520);
INSERT INTO "tupa" VALUES('2017-03-18 12:06:42',5076239463219200,6288168907177984);
INSERT INTO "tupa" VALUES('2017-03-18 12:08:48',6601880566235136,5654850209579008);
INSERT INTO "tupa" VALUES('2017-03-18 12:10:27',5209879383900160,5156929819115520);
INSERT INTO "tupa" VALUES('2017-03-18 12:11:14',6601880566235136,4718466942631936);
INSERT INTO "tupa" VALUES('2017-03-18 12:11:15',6601880566235136,4718466942631936);
INSERT INTO "tupa" VALUES('2017-03-18 12:11:25',6601880566235136,6700862650974208);
INSERT INTO "tupa" VALUES('2017-03-18 12:12:18',6601880566235136,5574962744131584);
INSERT INTO "tupa" VALUES('2017-03-18 12:12:46',6601880566235136,5389650071912448);
INSERT INTO "tupa" VALUES('2017-03-18 12:13:24',6601880566235136,6302195330842624);
INSERT INTO "tupa" VALUES('2017-03-18 12:13:48',6601880566235136,5176295424000000);
INSERT INTO "tupa" VALUES('2017-03-18 12:14:07',6601880566235136,5176295424000000);
INSERT INTO "tupa" VALUES('2017-03-18 12:14:20',6601880566235136,6008099190079488);
INSERT INTO "tupa" VALUES('2017-03-18 12:14:37',6110969428180992,6016761333809152);
INSERT INTO "tupa" VALUES('2017-03-18 12:15:53',6601880566235136,5403550330912768);
INSERT INTO "tupa" VALUES('2017-03-18 12:16:04',6601880566235136,4965084904292352);
INSERT INTO "tupa" VALUES('2017-03-18 12:16:30',5627413958492160,5654850209579008);
INSERT INTO "tupa" VALUES('2017-03-18 12:18:30',5627413958492160,4882199283236864);
INSERT INTO "tupa" VALUES('2017-03-18 12:19:31',6601880566235136,6288168907177984);
INSERT INTO "tupa" VALUES('2017-03-18 12:19:41',6653934764556288,6515549978755072);
INSERT INTO "tupa" VALUES('2017-03-18 12:19:47',6601880566235136,6288168907177984);
INSERT INTO "tupa" VALUES('2017-03-18 12:19:51',6653934764556288,6515549978755072);
INSERT INTO "tupa" VALUES('2017-03-18 12:20:59',6110969428180992,5156929819115520);
INSERT INTO "tupa" VALUES('2017-03-18 12:21:22',0,5156929819115520);
INSERT INTO "tupa" VALUES('2017-03-18 12:21:41',5627413958492160,6700862650974208);
INSERT INTO "tupa" VALUES('2017-03-18 12:22:06',4875454842404864,5654850209579008);
INSERT INTO "tupa" VALUES('2017-03-18 12:22:22',5627413958492160,5574962744131584);
INSERT INTO "tupa" VALUES('2017-03-18 12:23:54',4913030705971200,4718466942631936);
INSERT INTO "tupa" VALUES('2017-03-18 12:23:57',4913030705971200,4718466942631936);
INSERT INTO "tupa" VALUES('2017-03-18 12:25:21',4821274903707648,5461375488884736);
INSERT INTO "tupa" VALUES('2017-03-18 12:26:20',6601880566235136,6008099190079488);
INSERT INTO "tupa" VALUES('2017-03-18 12:26:45',5627413958492160,6008099190079488);
INSERT INTO "tupa" VALUES('2017-03-18 12:26:59',4750123938611200,5654850209579008);
INSERT INTO "tupa" VALUES('2017-03-18 12:27:40',5627413958492160,5176295424000000);
INSERT INTO "tupa" VALUES('2017-03-18 12:28:18',0,5176295424000000);
INSERT INTO "tupa" VALUES('2017-03-18 12:28:26',0,6302195330842624);
INSERT INTO "tupa" VALUES('2017-03-18 12:28:33',5627413958492160,4965084904292352);
INSERT INTO "tupa" VALUES('2017-03-18 12:29:01',0,5176295424000000);
INSERT INTO "tupa" VALUES('2017-03-18 12:29:16',0,6302195330842624);
INSERT INTO "tupa" VALUES('2017-03-18 12:30:52',5627413958492160,6302195330842624);
INSERT INTO "tupa" VALUES('2017-03-18 12:32:22',5627413958492160,6288168907177984);
INSERT INTO "tupa" VALUES('2017-03-18 12:32:32',6601880566235136,4882199283236864);
INSERT INTO "tupa" VALUES('2017-03-18 12:33:27',0,5389650071912448);
INSERT INTO "tupa" VALUES('2017-03-18 12:33:39',4810425279447040,4718466942631936);
INSERT INTO "tupa" VALUES('2017-03-18 12:33:51',4810425279447040,4718466942631936);
INSERT INTO "tupa" VALUES('2017-03-18 12:33:52',6439872654999552,5156929819115520);
INSERT INTO "tupa" VALUES('2017-03-18 12:34:00',0,5389650071912448);
INSERT INTO "tupa" VALUES('2017-03-18 12:34:24',0,5654850209579008);
INSERT INTO "tupa" VALUES('2017-03-18 12:34:25',0,5389650071912448);
INSERT INTO "tupa" VALUES('2017-03-18 12:34:44',0,5389650071912448);
INSERT INTO "tupa" VALUES('2017-03-18 12:35:08',0,5403550330912768);
INSERT INTO "tupa" VALUES('2017-03-18 12:35:24',4875454842404864,6700862650974208);
INSERT INTO "tupa" VALUES('2017-03-18 12:35:48',0,6016761333809152);
INSERT INTO "tupa" VALUES('2017-03-18 12:35:52',4875454842404864,4965084904292352);
INSERT INTO "tupa" VALUES('2017-03-18 12:35:54',0,5654850209579008);
INSERT INTO "tupa" VALUES('2017-03-18 12:35:59',4875454842404864,5389650071912448);
INSERT INTO "tupa" VALUES('2017-03-18 12:36:03',0,5403550330912768);
INSERT INTO "tupa" VALUES('2017-03-18 12:36:18',0,5403550330912768);
INSERT INTO "tupa" VALUES('2017-03-18 12:36:22',0,6016761333809152);
INSERT INTO "tupa" VALUES('2017-03-18 12:36:30',0,6515549978755072);
INSERT INTO "tupa" VALUES('2017-03-18 12:36:41',4913030705971200,5403550330912768);
INSERT INTO "tupa" VALUES('2017-03-18 12:36:56',0,6515549978755072);
INSERT INTO "tupa" VALUES('2017-03-18 12:37:09',5209879383900160,6515549978755072);
INSERT INTO "tupa" VALUES('2017-03-18 12:37:11',4771528579219456,6016761333809152);
INSERT INTO "tupa" VALUES('2017-03-18 12:37:27',5209879383900160,6515549978755072);
INSERT INTO "tupa" VALUES('2017-03-18 12:38:26',0,6008099190079488);
INSERT INTO "tupa" VALUES('2017-03-18 12:38:47',0,6008099190079488);
INSERT INTO "tupa" VALUES('2017-03-18 12:38:56',4875454842404864,6008099190079488);
INSERT INTO "tupa" VALUES('2017-03-18 12:38:58',0,6302195330842624);
INSERT INTO "tupa" VALUES('2017-03-18 12:39:01',4771528579219456,5574962744131584);
INSERT INTO "tupa" VALUES('2017-03-18 12:39:03',4875454842404864,6302195330842624);
INSERT INTO "tupa" VALUES('2017-03-18 12:39:13',0,5654850209579008);
INSERT INTO "tupa" VALUES('2017-03-18 12:40:24',4875454842404864,6288168907177984);
INSERT INTO "tupa" VALUES('2017-03-18 12:40:32',4750123938611200,4965084904292352);
INSERT INTO "tupa" VALUES('2017-03-18 12:40:34',4750123938611200,6700862650974208);
INSERT INTO "tupa" VALUES('2017-03-18 12:41:28',6601880566235136,5461375488884736);
INSERT INTO "tupa" VALUES('2017-03-18 12:41:35',4750123938611200,5389650071912448);
INSERT INTO "tupa" VALUES('2017-03-18 12:42:22',0,4718466942631936);
INSERT INTO "tupa" VALUES('2017-03-18 12:42:56',0,6016761333809152);
INSERT INTO "tupa" VALUES('2017-03-18 12:43:49',0,6302195330842624);
INSERT INTO "tupa" VALUES('2017-03-18 12:44:18',4750123938611200,6302195330842624);
INSERT INTO "tupa" VALUES('2017-03-18 12:45:00',0,4718466942631936);
INSERT INTO "tupa" VALUES('2017-03-18 12:45:05',0,4718466942631936);
INSERT INTO "tupa" VALUES('2017-03-18 12:45:08',0,4965084904292352);
INSERT INTO "tupa" VALUES('2017-03-18 12:45:36',4750123938611200,6288168907177984);
INSERT INTO "tupa" VALUES('2017-03-18 12:45:42',0,6700862650974208);
INSERT INTO "tupa" VALUES('2017-03-18 12:45:56',0,4965084904292352);
INSERT INTO "tupa" VALUES('2017-03-18 12:46:01',0,5389650071912448);
INSERT INTO "tupa" VALUES('2017-03-18 12:46:18',0,5389650071912448);
INSERT INTO "tupa" VALUES('2017-03-18 12:46:32',4750123938611200,6008099190079488);
INSERT INTO "tupa" VALUES('2017-03-18 12:46:34',0,5389650071912448);
INSERT INTO "tupa" VALUES('2017-03-18 12:46:46',0,5389650071912448);
INSERT INTO "tupa" VALUES('2017-03-18 12:46:55',6202139370061824,5654850209579008);
INSERT INTO "tupa" VALUES('2017-03-18 12:47:03',0,5389650071912448);
INSERT INTO "tupa" VALUES('2017-03-18 12:47:08',0,4965084904292352);
INSERT INTO "tupa" VALUES('2017-03-18 12:47:14',0,6700862650974208);
INSERT INTO "tupa" VALUES('2017-03-18 12:47:17',0,5389650071912448);
INSERT INTO "tupa" VALUES('2017-03-18 12:47:32',0,5389650071912448);
INSERT INTO "tupa" VALUES('2017-03-18 12:47:50',0,5389650071912448);
INSERT INTO "tupa" VALUES('2017-03-18 12:48:00',4810425279447040,5403550330912768);
INSERT INTO "tupa" VALUES('2017-03-18 12:48:01',0,5389650071912448);
INSERT INTO "tupa" VALUES('2017-03-18 12:48:16',0,6700862650974208);
INSERT INTO "tupa" VALUES('2017-03-18 12:48:18',0,5389650071912448);
INSERT INTO "tupa" VALUES('2017-03-18 12:48:20',0,4965084904292352);
INSERT INTO "tupa" VALUES('2017-03-18 12:48:28',0,4718466942631936);
INSERT INTO "tupa" VALUES('2017-03-18 12:48:29',0,5389650071912448);
INSERT INTO "tupa" VALUES('2017-03-18 12:48:33',0,6302195330842624);
INSERT INTO "tupa" VALUES('2017-03-18 12:48:41',0,5389650071912448);
INSERT INTO "tupa" VALUES('2017-03-18 12:48:58',0,5389650071912448);
INSERT INTO "tupa" VALUES('2017-03-18 12:49:06',4967437606846464,4718466942631936);
INSERT INTO "tupa" VALUES('2017-03-18 12:49:14',0,5389650071912448);
INSERT INTO "tupa" VALUES('2017-03-18 12:49:15',0,4965084904292352);
INSERT INTO "tupa" VALUES('2017-03-18 12:49:18',0,6700862650974208);
INSERT INTO "tupa" VALUES('2017-03-18 12:49:22',4828368713285632,6016761333809152);
INSERT INTO "tupa" VALUES('2017-03-18 12:49:24',0,6302195330842624);
INSERT INTO "tupa" VALUES('2017-03-18 12:49:24',4967437606846464,4718466942631936);
INSERT INTO "tupa" VALUES('2017-03-18 12:49:25',4828368713285632,5574962744131584);
INSERT INTO "tupa" VALUES('2017-03-18 12:49:37',0,5389650071912448);
INSERT INTO "tupa" VALUES('2017-03-18 12:49:52',0,5389650071912448);
INSERT INTO "tupa" VALUES('2017-03-18 12:50:00',0,6302195330842624);
INSERT INTO "tupa" VALUES('2017-03-18 12:50:06',0,5389650071912448);
INSERT INTO "tupa" VALUES('2017-03-18 12:50:13',5811862536978432,5389650071912448);
INSERT INTO "tupa" VALUES('2017-03-18 12:50:28',0,4965084904292352);
INSERT INTO "tupa" VALUES('2017-03-18 12:50:50',0,6302195330842624);
INSERT INTO "tupa" VALUES('2017-03-18 12:50:57',4642982221316096,5156929819115520);
INSERT INTO "tupa" VALUES('2017-03-18 12:51:03',0,4965084904292352);
INSERT INTO "tupa" VALUES('2017-03-18 12:51:21',0,4965084904292352);
INSERT INTO "tupa" VALUES('2017-03-18 12:51:37',0,4965084904292352);
INSERT INTO "tupa" VALUES('2017-03-18 12:51:37',0,6302195330842624);
INSERT INTO "tupa" VALUES('2017-03-18 12:51:45',0,6515549978755072);
INSERT INTO "tupa" VALUES('2017-03-18 12:51:46',0,6700862650974208);
INSERT INTO "tupa" VALUES('2017-03-18 12:51:48',0,4965084904292352);
INSERT INTO "tupa" VALUES('2017-03-18 12:51:57',5811862536978432,6302195330842624);
INSERT INTO "tupa" VALUES('2017-03-18 12:52:02',0,4965084904292352);
INSERT INTO "tupa" VALUES('2017-03-18 12:52:37',0,4965084904292352);
INSERT INTO "tupa" VALUES('2017-03-18 12:52:47',6601115927838720,6700862650974208);
INSERT INTO "tupa" VALUES('2017-03-18 12:52:57',0,4965084904292352);
INSERT INTO "tupa" VALUES('2017-03-18 12:53:37',6601115927838720,6288168907177984);
INSERT INTO "tupa" VALUES('2017-03-18 12:53:38',0,4965084904292352);
INSERT INTO "tupa" VALUES('2017-03-18 12:53:52',5811862536978432,4965084904292352);
INSERT INTO "tupa" VALUES('2017-03-18 12:54:43',0,6515549978755072);
INSERT INTO "tupa" VALUES('2017-03-18 12:54:56',4771528579219456,5176295424000000);
INSERT INTO "tupa" VALUES('2017-03-18 12:55:28',6110969428180992,6515549978755072);
INSERT INTO "tupa" VALUES('2017-03-18 12:55:43',4771528579219456,5176295424000000);
INSERT INTO "tupa" VALUES('2017-03-18 12:56:21',0,5403550330912768);
INSERT INTO "tupa" VALUES('2017-03-18 12:56:34',4985069521338368,6016761333809152);
INSERT INTO "tupa" VALUES('2017-03-18 12:56:44',6110969428180992,6515549978755072);
INSERT INTO "tupa" VALUES('2017-03-18 12:56:50',0,5403550330912768);
INSERT INTO "tupa" VALUES('2017-03-18 12:57:21',0,5403550330912768);
INSERT INTO "tupa" VALUES('2017-03-18 12:57:43',0,5403550330912768);
INSERT INTO "tupa" VALUES('2017-03-18 12:58:02',6202139370061824,5389650071912448);
INSERT INTO "tupa" VALUES('2017-03-18 12:58:11',0,5403550330912768);
INSERT INTO "tupa" VALUES('2017-03-18 12:58:18',5627413958492160,5461375488884736);
INSERT INTO "tupa" VALUES('2017-03-18 12:58:31',0,5403550330912768);
INSERT INTO "tupa" VALUES('2017-03-18 12:58:40',5665699833839616,5654850209579008);
INSERT INTO "tupa" VALUES('2017-03-18 12:58:58',0,5403550330912768);
INSERT INTO "tupa" VALUES('2017-03-18 12:58:58',4985069521338368,5574962744131584);
INSERT INTO "tupa" VALUES('2017-03-18 12:59:39',0,5403550330912768);
INSERT INTO "tupa" VALUES('2017-03-18 12:59:51',6202139370061824,4965084904292352);
INSERT INTO "tupa" VALUES('2017-03-18 13:00:15',0,5403550330912768);
INSERT INTO "tupa" VALUES('2017-03-18 13:00:35',4967437606846464,5403550330912768);
INSERT INTO "tupa" VALUES('2017-03-18 13:01:08',5076239463219200,4882199283236864);
INSERT INTO "tupa" VALUES('2017-03-18 13:02:16',0,5389650071912448);
INSERT INTO "tupa" VALUES('2017-03-18 13:02:38',5373375232868352,4718466942631936);
INSERT INTO "tupa" VALUES('2017-03-18 13:02:51',5373375232868352,4718466942631936);
INSERT INTO "tupa" VALUES('2017-03-18 13:03:10',5076239463219200,4882199283236864);
INSERT INTO "tupa" VALUES('2017-03-18 13:03:35',6358096477683712,5453811380387840);
INSERT INTO "tupa" VALUES('2017-03-18 13:05:49',0,5389650071912448);
INSERT INTO "tupa" VALUES('2017-03-18 13:06:16',0,5389650071912448);
INSERT INTO "tupa" VALUES('2017-03-18 13:06:29',0,6302195330842624);
INSERT INTO "tupa" VALUES('2017-03-18 13:06:35',0,5389650071912448);
INSERT INTO "tupa" VALUES('2017-03-18 13:06:42',4821274903707648,5966500284334080);
INSERT INTO "tupa" VALUES('2017-03-18 13:06:48',0,6302195330842624);
INSERT INTO "tupa" VALUES('2017-03-18 13:07:24',0,5389650071912448);
INSERT INTO "tupa" VALUES('2017-03-18 13:07:33',0,6016761333809152);
INSERT INTO "tupa" VALUES('2017-03-18 13:07:59',0,5389650071912448);
INSERT INTO "tupa" VALUES('2017-03-18 13:08:15',0,5389650071912448);
INSERT INTO "tupa" VALUES('2017-03-18 13:08:30',0,5389650071912448);
INSERT INTO "tupa" VALUES('2017-03-18 13:08:44',0,5389650071912448);
INSERT INTO "tupa" VALUES('2017-03-18 13:08:58',0,6700862650974208);
INSERT INTO "tupa" VALUES('2017-03-18 13:08:59',0,5389650071912448);
INSERT INTO "tupa" VALUES('2017-03-18 13:09:11',0,5156929819115520);
INSERT INTO "tupa" VALUES('2017-03-18 13:09:12',0,5389650071912448);
INSERT INTO "tupa" VALUES('2017-03-18 13:09:14',6392444404891648,6302195330842624);
INSERT INTO "tupa" VALUES('2017-03-18 13:09:15',4828368713285632,6008099190079488);
INSERT INTO "tupa" VALUES('2017-03-18 13:09:27',0,5389650071912448);
INSERT INTO "tupa" VALUES('2017-03-18 13:09:34',0,6016761333809152);
INSERT INTO "tupa" VALUES('2017-03-18 13:09:39',4828368713285632,5176295424000000);
INSERT INTO "tupa" VALUES('2017-03-18 13:09:41',0,5156929819115520);
INSERT INTO "tupa" VALUES('2017-03-18 13:09:42',0,5389650071912448);
INSERT INTO "tupa" VALUES('2017-03-18 13:09:56',0,5389650071912448);
INSERT INTO "tupa" VALUES('2017-03-18 13:09:57',4828368713285632,5176295424000000);
INSERT INTO "tupa" VALUES('2017-03-18 13:10:00',0,5156929819115520);
INSERT INTO "tupa" VALUES('2017-03-18 13:10:11',0,5389650071912448);
INSERT INTO "tupa" VALUES('2017-03-18 13:10:19',6029782600908800,5389650071912448);
INSERT INTO "tupa" VALUES('2017-03-18 13:10:24',0,5156929819115520);
INSERT INTO "tupa" VALUES('2017-03-18 13:10:29',4875454842404864,5461375488884736);
INSERT INTO "tupa" VALUES('2017-03-18 13:10:45',4967437606846464,6700862650974208);
INSERT INTO "tupa" VALUES('2017-03-18 13:10:50',0,5156929819115520);
INSERT INTO "tupa" VALUES('2017-03-18 13:11:34',4854848931495936,4718466942631936);
INSERT INTO "tupa" VALUES('2017-03-18 13:11:37',4854848931495936,4718466942631936);
INSERT INTO "tupa" VALUES('2017-03-18 13:11:59',0,5156929819115520);
INSERT INTO "tupa" VALUES('2017-03-18 13:12:11',0,5156929819115520);
INSERT INTO "tupa" VALUES('2017-03-18 13:12:28',0,5156929819115520);
INSERT INTO "tupa" VALUES('2017-03-18 13:12:39',0,5156929819115520);
INSERT INTO "tupa" VALUES('2017-03-18 13:12:58',0,5156929819115520);
INSERT INTO "tupa" VALUES('2017-03-18 13:13:01',0,5156929819115520);
INSERT INTO "tupa" VALUES('2017-03-18 13:13:13',0,5156929819115520);
INSERT INTO "tupa" VALUES('2017-03-18 13:13:24',0,5156929819115520);
INSERT INTO "tupa" VALUES('2017-03-18 13:13:25',0,5156929819115520);
INSERT INTO "tupa" VALUES('2017-03-18 13:13:40',0,5156929819115520);
INSERT INTO "tupa" VALUES('2017-03-18 13:13:42',0,5156929819115520);
INSERT INTO "tupa" VALUES('2017-03-18 13:13:54',0,5156929819115520);
INSERT INTO "tupa" VALUES('2017-03-18 13:14:01',0,5156929819115520);
INSERT INTO "tupa" VALUES('2017-03-18 13:14:05',6001354749247488,5966500284334080);
INSERT INTO "tupa" VALUES('2017-03-18 13:14:17',0,5156929819115520);
INSERT INTO "tupa" VALUES('2017-03-18 13:14:50',5897428486062080,6016761333809152);
INSERT INTO "tupa" VALUES('2017-03-18 13:14:55',5102749880418304,6515549978755072);
INSERT INTO "tupa" VALUES('2017-03-18 13:15:20',5102749880418304,6515549978755072);
INSERT INTO "tupa" VALUES('2017-03-18 13:16:24',0,5156929819115520);
INSERT INTO "tupa" VALUES('2017-03-18 13:16:31',4967437606846464,6288168907177984);
INSERT INTO "tupa" VALUES('2017-03-18 13:16:37',0,5156929819115520);
INSERT INTO "tupa" VALUES('2017-03-18 13:16:49',0,5156929819115520);
INSERT INTO "tupa" VALUES('2017-03-18 13:16:53',0,5156929819115520);
INSERT INTO "tupa" VALUES('2017-03-18 13:17:03',0,5156929819115520);
INSERT INTO "tupa" VALUES('2017-03-18 13:17:05',5179900512174080,5156929819115520);
INSERT INTO "tupa" VALUES('2017-03-18 13:17:06',5179900512174080,5156929819115520);
INSERT INTO "tupa" VALUES('2017-03-18 13:17:11',0,5156929819115520);
INSERT INTO "tupa" VALUES('2017-03-18 13:17:35',0,4718466942631936);
INSERT INTO "tupa" VALUES('2017-03-18 13:17:45',4750123938611200,5461375488884736);
INSERT INTO "tupa" VALUES('2017-03-18 13:18:03',4828368713285632,6008099190079488);
INSERT INTO "tupa" VALUES('2017-03-18 13:18:15',4771528579219456,6008099190079488);
INSERT INTO "tupa" VALUES('2017-03-18 13:18:23',0,4718466942631936);
INSERT INTO "tupa" VALUES('2017-03-18 13:18:44',5897428486062080,5574962744131584);
INSERT INTO "tupa" VALUES('2017-03-18 13:18:51',0,4718466942631936);
INSERT INTO "tupa" VALUES('2017-03-18 13:19:41',0,4718466942631936);
INSERT INTO "tupa" VALUES('2017-03-18 13:19:59',0,5389650071912448);
INSERT INTO "tupa" VALUES('2017-03-18 13:20:08',4554615953555456,5389650071912448);
INSERT INTO "tupa" VALUES('2017-03-18 13:20:44',0,4718466942631936);
INSERT INTO "tupa" VALUES('2017-03-18 13:20:53',0,4965084904292352);
INSERT INTO "tupa" VALUES('2017-03-18 13:21:36',0,5403550330912768);
INSERT INTO "tupa" VALUES('2017-03-18 13:21:38',0,4718466942631936);
INSERT INTO "tupa" VALUES('2017-03-18 13:21:56',0,5403550330912768);
INSERT INTO "tupa" VALUES('2017-03-18 13:22:07',5475980659392512,4882199283236864);
INSERT INTO "tupa" VALUES('2017-03-18 13:22:15',0,4718466942631936);
INSERT INTO "tupa" VALUES('2017-03-18 13:22:17',5232196570841088,4965084904292352);
INSERT INTO "tupa" VALUES('2017-03-18 13:22:21',0,4718466942631936);
INSERT INTO "tupa" VALUES('2017-03-18 13:22:22',0,5403550330912768);
INSERT INTO "tupa" VALUES('2017-03-18 13:22:42',0,5403550330912768);
INSERT INTO "tupa" VALUES('2017-03-18 13:23:00',0,5403550330912768);
INSERT INTO "tupa" VALUES('2017-03-18 13:23:08',0,4718466942631936);
INSERT INTO "tupa" VALUES('2017-03-18 13:23:18',0,5403550330912768);
INSERT INTO "tupa" VALUES('2017-03-18 13:23:37',5417798884917248,5403550330912768);
INSERT INTO "tupa" VALUES('2017-03-18 13:23:55',0,4718466942631936);
INSERT INTO "tupa" VALUES('2017-03-18 13:24:14',4985069521338368,5176295424000000);
INSERT INTO "tupa" VALUES('2017-03-18 13:24:22',4985069521338368,5176295424000000);
INSERT INTO "tupa" VALUES('2017-03-18 13:24:36',0,5156929819115520);
INSERT INTO "tupa" VALUES('2017-03-18 13:24:48',6498833966039040,5156929819115520);
INSERT INTO "tupa" VALUES('2017-03-18 13:24:51',5528034857713664,4718466942631936);
INSERT INTO "tupa" VALUES('2017-03-18 13:24:52',6498833966039040,5156929819115520);
INSERT INTO "tupa" VALUES('2017-03-18 13:24:57',6498833966039040,5156929819115520);
INSERT INTO "tupa" VALUES('2017-03-18 13:25:04',4894820447289344,6016761333809152);
INSERT INTO "tupa" VALUES('2017-03-18 13:25:11',0,4718466942631936);
INSERT INTO "tupa" VALUES('2017-03-18 13:25:14',0,6700862650974208);
INSERT INTO "tupa" VALUES('2017-03-18 13:25:31',5466832647487488,5966500284334080);
INSERT INTO "tupa" VALUES('2017-03-18 13:26:08',0,6700862650974208);
INSERT INTO "tupa" VALUES('2017-03-18 13:26:54',4810425279447040,6700862650974208);
INSERT INTO "tupa" VALUES('2017-03-18 13:27:01',0,5461375488884736);
INSERT INTO "tupa" VALUES('2017-03-18 13:27:32',0,5461375488884736);
INSERT INTO "tupa" VALUES('2017-03-18 13:27:43',0,4718466942631936);
INSERT INTO "tupa" VALUES('2017-03-18 13:27:49',0,5461375488884736);
INSERT INTO "tupa" VALUES('2017-03-18 13:27:58',6235743596838912,5389650071912448);
INSERT INTO "tupa" VALUES('2017-03-18 13:28:07',0,5461375488884736);
INSERT INTO "tupa" VALUES('2017-03-18 13:28:31',0,5461375488884736);
INSERT INTO "tupa" VALUES('2017-03-18 13:28:46',0,5461375488884736);
INSERT INTO "tupa" VALUES('2017-03-18 13:28:52',4810425279447040,6288168907177984);
INSERT INTO "tupa" VALUES('2017-03-18 13:29:18',0,5461375488884736);
INSERT INTO "tupa" VALUES('2017-03-18 13:29:28',4810425279447040,6288168907177984);
INSERT INTO "tupa" VALUES('2017-03-18 13:29:35',0,5461375488884736);
INSERT INTO "tupa" VALUES('2017-03-18 13:29:52',0,5461375488884736);
INSERT INTO "tupa" VALUES('2017-03-18 13:30:26',6202139370061824,6302195330842624);
INSERT INTO "tupa" VALUES('2017-03-18 13:30:27',0,5461375488884736);
INSERT INTO "tupa" VALUES('2017-03-18 13:30:43',6592732554330112,6515549978755072);
INSERT INTO "tupa" VALUES('2017-03-18 13:30:48',0,5461375488884736);
INSERT INTO "tupa" VALUES('2017-03-18 13:30:48',6592732554330112,6515549978755072);
INSERT INTO "tupa" VALUES('2017-03-18 13:31:01',0,5461375488884736);
INSERT INTO "tupa" VALUES('2017-03-18 13:31:14',0,5461375488884736);
INSERT INTO "tupa" VALUES('2017-03-18 13:31:27',0,5461375488884736);
INSERT INTO "tupa" VALUES('2017-03-18 13:31:41',0,5461375488884736);
INSERT INTO "tupa" VALUES('2017-03-18 13:31:55',0,5461375488884736);
INSERT INTO "tupa" VALUES('2017-03-18 13:32:08',0,5461375488884736);
INSERT INTO "tupa" VALUES('2017-03-18 13:32:24',0,5461375488884736);
INSERT INTO "tupa" VALUES('2017-03-18 13:32:37',0,5461375488884736);
INSERT INTO "tupa" VALUES('2017-03-18 13:32:53',0,5461375488884736);
INSERT INTO "tupa" VALUES('2017-03-18 13:33:08',0,5461375488884736);
INSERT INTO "tupa" VALUES('2017-03-18 13:33:27',0,5461375488884736);
INSERT INTO "tupa" VALUES('2017-03-18 13:33:40',0,5461375488884736);
INSERT INTO "tupa" VALUES('2017-03-18 13:33:57',5373375232868352,5403550330912768);
INSERT INTO "tupa" VALUES('2017-03-18 13:33:58',0,5461375488884736);
INSERT INTO "tupa" VALUES('2017-03-18 13:34:02',5876023845453824,5654850209579008);
INSERT INTO "tupa" VALUES('2017-03-18 13:34:39',0,4718466942631936);
INSERT INTO "tupa" VALUES('2017-03-18 13:34:57',0,5966500284334080);
INSERT INTO "tupa" VALUES('2017-03-18 13:35:17',0,4718466942631936);
INSERT INTO "tupa" VALUES('2017-03-18 13:35:28',5795146524262400,5156929819115520);
INSERT INTO "tupa" VALUES('2017-03-18 13:35:34',0,4718466942631936);
INSERT INTO "tupa" VALUES('2017-03-18 13:35:44',0,5966500284334080);
INSERT INTO "tupa" VALUES('2017-03-18 13:35:48',0,4718466942631936);
INSERT INTO "tupa" VALUES('2017-03-18 13:36:05',0,4718466942631936);
INSERT INTO "tupa" VALUES('2017-03-18 13:36:08',5373375232868352,6700862650974208);
INSERT INTO "tupa" VALUES('2017-03-18 13:36:10',6592732554330112,5574962744131584);
INSERT INTO "tupa" VALUES('2017-03-18 13:36:20',0,4718466942631936);
INSERT INTO "tupa" VALUES('2017-03-18 13:36:38',6498833966039040,5966500284334080);
INSERT INTO "tupa" VALUES('2017-03-18 13:36:57',5373375232868352,6288168907177984);
INSERT INTO "tupa" VALUES('2017-03-18 13:37:02',0,4718466942631936);
INSERT INTO "tupa" VALUES('2017-03-18 13:37:29',0,4718466942631936);
INSERT INTO "tupa" VALUES('2017-03-18 13:37:54',0,4718466942631936);
INSERT INTO "tupa" VALUES('2017-03-18 13:38:08',0,4718466942631936);
INSERT INTO "tupa" VALUES('2017-03-18 13:38:19',0,4718466942631936);
INSERT INTO "tupa" VALUES('2017-03-18 13:39:05',0,4718466942631936);
INSERT INTO "tupa" VALUES('2017-03-18 13:39:16',0,4718466942631936);
INSERT INTO "tupa" VALUES('2017-03-18 13:40:09',0,4718466942631936);
INSERT INTO "tupa" VALUES('2017-03-18 13:40:11',0,5389650071912448);
INSERT INTO "tupa" VALUES('2017-03-18 13:40:25',6601115927838720,6302195330842624);
INSERT INTO "tupa" VALUES('2017-03-18 13:40:26',0,4718466942631936);
INSERT INTO "tupa" VALUES('2017-03-18 13:40:28',0,5389650071912448);
INSERT INTO "tupa" VALUES('2017-03-18 13:40:38',0,4718466942631936);
INSERT INTO "tupa" VALUES('2017-03-18 13:40:38',4854848931495936,5403550330912768);
INSERT INTO "tupa" VALUES('2017-03-18 13:40:41',0,5389650071912448);
INSERT INTO "tupa" VALUES('2017-03-18 13:40:52',0,5389650071912448);
INSERT INTO "tupa" VALUES('2017-03-18 13:40:53',0,4718466942631936);
INSERT INTO "tupa" VALUES('2017-03-18 13:41:06',0,5389650071912448);
INSERT INTO "tupa" VALUES('2017-03-18 13:41:25',0,5389650071912448);
INSERT INTO "tupa" VALUES('2017-03-18 13:41:31',0,4718466942631936);
INSERT INTO "tupa" VALUES('2017-03-18 13:41:35',5936325186289664,4718466942631936);
INSERT INTO "tupa" VALUES('2017-03-18 13:41:35',6038930612813824,5389650071912448);
INSERT INTO "tupa" VALUES('2017-03-18 13:42:08',6653934764556288,6008099190079488);
INSERT INTO "tupa" VALUES('2017-03-18 13:42:18',4685962630135808,5156929819115520);
INSERT INTO "tupa" VALUES('2017-03-18 13:42:42',0,6515549978755072);
INSERT INTO "tupa" VALUES('2017-03-18 13:43:16',0,6515549978755072);
INSERT INTO "tupa" VALUES('2017-03-18 13:43:42',0,6515549978755072);
INSERT INTO "tupa" VALUES('2017-03-18 13:44:16',0,5461375488884736);
INSERT INTO "tupa" VALUES('2017-03-18 13:44:27',0,5461375488884736);
INSERT INTO "tupa" VALUES('2017-03-18 13:44:38',0,5461375488884736);
INSERT INTO "tupa" VALUES('2017-03-18 13:44:44',5357714439929856,6515549978755072);
INSERT INTO "tupa" VALUES('2017-03-18 13:44:48',5357714439929856,6515549978755072);
INSERT INTO "tupa" VALUES('2017-03-18 13:44:50',0,5461375488884736);
INSERT INTO "tupa" VALUES('2017-03-18 13:45:01',0,5461375488884736);
INSERT INTO "tupa" VALUES('2017-03-18 13:45:11',0,5461375488884736);
INSERT INTO "tupa" VALUES('2017-03-18 13:45:17',4854848931495936,6700862650974208);
INSERT INTO "tupa" VALUES('2017-03-18 13:45:19',6202139370061824,5461375488884736);
INSERT INTO "tupa" VALUES('2017-03-18 13:45:49',0,4965084904292352);
INSERT INTO "tupa" VALUES('2017-03-18 13:46:40',0,5403550330912768);
INSERT INTO "tupa" VALUES('2017-03-18 13:46:58',0,5403550330912768);
INSERT INTO "tupa" VALUES('2017-03-18 13:46:59',5313972748156928,4718466942631936);
INSERT INTO "tupa" VALUES('2017-03-18 13:47:02',0,4965084904292352);
INSERT INTO "tupa" VALUES('2017-03-18 13:47:11',5313972748156928,4718466942631936);
INSERT INTO "tupa" VALUES('2017-03-18 13:47:16',0,4965084904292352);
INSERT INTO "tupa" VALUES('2017-03-18 13:47:17',4854848931495936,6288168907177984);
INSERT INTO "tupa" VALUES('2017-03-18 13:47:27',0,4965084904292352);
INSERT INTO "tupa" VALUES('2017-03-18 13:47:30',0,5403550330912768);
INSERT INTO "tupa" VALUES('2017-03-18 13:47:33',0,5156929819115520);
INSERT INTO "tupa" VALUES('2017-03-18 13:47:41',5232196570841088,5654850209579008);
INSERT INTO "tupa" VALUES('2017-03-18 13:47:47',0,4965084904292352);
INSERT INTO "tupa" VALUES('2017-03-18 13:47:48',5739141090246656,5156929819115520);
INSERT INTO "tupa" VALUES('2017-03-18 13:47:56',6374812490399744,5966500284334080);
INSERT INTO "tupa" VALUES('2017-03-18 13:48:04',0,5403550330912768);
INSERT INTO "tupa" VALUES('2017-03-18 13:48:13',5897428486062080,5176295424000000);
INSERT INTO "tupa" VALUES('2017-03-18 13:48:17',5064464005070848,5389650071912448);
INSERT INTO "tupa" VALUES('2017-03-18 13:48:26',0,5403550330912768);
INSERT INTO "tupa" VALUES('2017-03-18 13:48:26',5897428486062080,5176295424000000);
INSERT INTO "tupa" VALUES('2017-03-18 13:48:43',0,5403550330912768);
INSERT INTO "tupa" VALUES('2017-03-18 13:49:10',0,5403550330912768);
INSERT INTO "tupa" VALUES('2017-03-18 13:49:27',0,5403550330912768);
INSERT INTO "tupa" VALUES('2017-03-18 13:49:35',5528034857713664,5403550330912768);
INSERT INTO "tupa" VALUES('2017-03-18 13:50:35',4821274903707648,5453811380387840);
INSERT INTO "tupa" VALUES('2017-03-18 13:50:56',0,4965084904292352);
INSERT INTO "tupa" VALUES('2017-03-18 13:51:13',6358096477683712,6008099190079488);
INSERT INTO "tupa" VALUES('2017-03-18 13:51:14',0,6008099190079488);
INSERT INTO "tupa" VALUES('2017-03-18 13:51:21',0,4965084904292352);
INSERT INTO "tupa" VALUES('2017-03-18 13:51:27',6214128637050880,4882199283236864);
INSERT INTO "tupa" VALUES('2017-03-18 13:51:33',0,4965084904292352);
INSERT INTO "tupa" VALUES('2017-03-18 13:51:44',0,4965084904292352);
INSERT INTO "tupa" VALUES('2017-03-18 13:51:56',0,4965084904292352);
INSERT INTO "tupa" VALUES('2017-03-18 13:52:04',6358096477683712,6008099190079488);
INSERT INTO "tupa" VALUES('2017-03-18 13:52:26',6305800419016704,4718466942631936);
INSERT INTO "tupa" VALUES('2017-03-18 13:52:29',5548019474759680,5574962744131584);
INSERT INTO "tupa" VALUES('2017-03-18 13:52:35',0,4718466942631936);
INSERT INTO "tupa" VALUES('2017-03-18 13:52:48',6305800419016704,4718466942631936);
INSERT INTO "tupa" VALUES('2017-03-18 13:53:01',0,4965084904292352);
INSERT INTO "tupa" VALUES('2017-03-18 13:53:15',0,4965084904292352);
INSERT INTO "tupa" VALUES('2017-03-18 13:53:30',6020720354131968,5966500284334080);
INSERT INTO "tupa" VALUES('2017-03-18 13:53:38',0,4965084904292352);
INSERT INTO "tupa" VALUES('2017-03-18 13:53:53',0,6302195330842624);
INSERT INTO "tupa" VALUES('2017-03-18 13:54:09',0,6302195330842624);
INSERT INTO "tupa" VALUES('2017-03-18 13:54:15',0,4965084904292352);
INSERT INTO "tupa" VALUES('2017-03-18 13:54:29',0,4965084904292352);
INSERT INTO "tupa" VALUES('2017-03-18 13:54:39',0,4965084904292352);
INSERT INTO "tupa" VALUES('2017-03-18 13:54:51',0,6016761333809152);
INSERT INTO "tupa" VALUES('2017-03-18 13:54:52',6374812490399744,5156929819115520);
INSERT INTO "tupa" VALUES('2017-03-18 13:54:56',0,6302195330842624);
INSERT INTO "tupa" VALUES('2017-03-18 13:55:10',0,5461375488884736);
INSERT INTO "tupa" VALUES('2017-03-18 13:55:15',0,6302195330842624);
INSERT INTO "tupa" VALUES('2017-03-18 13:55:32',0,6302195330842624);
INSERT INTO "tupa" VALUES('2017-03-18 13:55:48',0,5461375488884736);
INSERT INTO "tupa" VALUES('2017-03-18 13:55:50',0,6302195330842624);
INSERT INTO "tupa" VALUES('2017-03-18 13:56:10',0,6302195330842624);
INSERT INTO "tupa" VALUES('2017-03-18 13:56:18',6090984811134976,5389650071912448);
INSERT INTO "tupa" VALUES('2017-03-18 13:56:22',0,5461375488884736);
INSERT INTO "tupa" VALUES('2017-03-18 13:56:35',0,6302195330842624);
INSERT INTO "tupa" VALUES('2017-03-18 13:56:36',0,5461375488884736);
INSERT INTO "tupa" VALUES('2017-03-18 13:56:50',0,6302195330842624);
INSERT INTO "tupa" VALUES('2017-03-18 13:56:51',0,5461375488884736);
INSERT INTO "tupa" VALUES('2017-03-18 13:56:56',0,6700862650974208);
INSERT INTO "tupa" VALUES('2017-03-18 13:57:05',0,5461375488884736);
INSERT INTO "tupa" VALUES('2017-03-18 13:57:06',0,6302195330842624);
INSERT INTO "tupa" VALUES('2017-03-18 13:57:27',0,6302195330842624);
INSERT INTO "tupa" VALUES('2017-03-18 13:57:37',0,5461375488884736);
INSERT INTO "tupa" VALUES('2017-03-18 13:57:39',0,5403550330912768);
INSERT INTO "tupa" VALUES('2017-03-18 13:57:40',0,6302195330842624);
INSERT INTO "tupa" VALUES('2017-03-18 13:57:51',0,6302195330842624);
INSERT INTO "tupa" VALUES('2017-03-18 13:57:54',0,5403550330912768);
INSERT INTO "tupa" VALUES('2017-03-18 13:58:03',0,5461375488884736);
INSERT INTO "tupa" VALUES('2017-03-18 13:58:07',0,6302195330842624);
INSERT INTO "tupa" VALUES('2017-03-18 13:58:17',0,5403550330912768);
INSERT INTO "tupa" VALUES('2017-03-18 13:58:18',0,6302195330842624);
INSERT INTO "tupa" VALUES('2017-03-18 13:58:27',0,5461375488884736);
INSERT INTO "tupa" VALUES('2017-03-18 13:58:29',0,6302195330842624);
INSERT INTO "tupa" VALUES('2017-03-18 13:58:39',0,5403550330912768);
INSERT INTO "tupa" VALUES('2017-03-18 13:58:40',0,6302195330842624);
INSERT INTO "tupa" VALUES('2017-03-18 13:58:44',5548019474759680,6016761333809152);
INSERT INTO "tupa" VALUES('2017-03-18 13:58:48',0,5461375488884736);
INSERT INTO "tupa" VALUES('2017-03-18 13:58:48',0,6700862650974208);
INSERT INTO "tupa" VALUES('2017-03-18 13:58:52',0,6302195330842624);
INSERT INTO "tupa" VALUES('2017-03-18 13:59:00',0,6700862650974208);
INSERT INTO "tupa" VALUES('2017-03-18 13:59:03',0,6302195330842624);
INSERT INTO "tupa" VALUES('2017-03-18 13:59:10',4854848931495936,4965084904292352);
INSERT INTO "tupa" VALUES('2017-03-18 13:59:15',0,6302195330842624);
INSERT INTO "tupa" VALUES('2017-03-18 13:59:38',6601115927838720,5461375488884736);
INSERT INTO "tupa" VALUES('2017-03-18 13:59:42',0,5403550330912768);
INSERT INTO "tupa" VALUES('2017-03-18 13:59:44',0,6302195330842624);
INSERT INTO "tupa" VALUES('2017-03-18 13:59:44',0,6700862650974208);
INSERT INTO "tupa" VALUES('2017-03-18 13:59:54',0,6700862650974208);
INSERT INTO "tupa" VALUES('2017-03-18 13:59:56',0,6302195330842624);
INSERT INTO "tupa" VALUES('2017-03-18 14:00:01',0,5403550330912768);
INSERT INTO "tupa" VALUES('2017-03-18 14:00:07',0,6302195330842624);
INSERT INTO "tupa" VALUES('2017-03-18 14:00:19',0,6302195330842624);
INSERT INTO "tupa" VALUES('2017-03-18 14:00:21',0,5403550330912768);
INSERT INTO "tupa" VALUES('2017-03-18 14:00:25',6471838888624128,4718466942631936);
INSERT INTO "tupa" VALUES('2017-03-18 14:00:30',0,6302195330842624);
INSERT INTO "tupa" VALUES('2017-03-18 14:00:37',0,6700862650974208);
INSERT INTO "tupa" VALUES('2017-03-18 14:00:41',0,6302195330842624);
INSERT INTO "tupa" VALUES('2017-03-18 14:00:44',0,5403550330912768);
INSERT INTO "tupa" VALUES('2017-03-18 14:00:45',6471838888624128,4718466942631936);
INSERT INTO "tupa" VALUES('2017-03-18 14:00:52',0,6302195330842624);
INSERT INTO "tupa" VALUES('2017-03-18 14:01:00',6020720354131968,5156929819115520);
INSERT INTO "tupa" VALUES('2017-03-18 14:01:06',0,5403550330912768);
INSERT INTO "tupa" VALUES('2017-03-18 14:01:13',0,6302195330842624);
INSERT INTO "tupa" VALUES('2017-03-18 14:01:24',0,6302195330842624);
INSERT INTO "tupa" VALUES('2017-03-18 14:01:33',0,5403550330912768);
INSERT INTO "tupa" VALUES('2017-03-18 14:01:41',0,6302195330842624);
INSERT INTO "tupa" VALUES('2017-03-18 14:01:50',0,5389650071912448);
INSERT INTO "tupa" VALUES('2017-03-18 14:01:53',0,5403550330912768);
INSERT INTO "tupa" VALUES('2017-03-18 14:01:59',0,6302195330842624);
INSERT INTO "tupa" VALUES('2017-03-18 14:02:01',0,5389650071912448);
INSERT INTO "tupa" VALUES('2017-03-18 14:02:11',0,5389650071912448);
INSERT INTO "tupa" VALUES('2017-03-18 14:02:11',0,5403550330912768);
INSERT INTO "tupa" VALUES('2017-03-18 14:02:16',0,6302195330842624);
INSERT INTO "tupa" VALUES('2017-03-18 14:02:22',0,5389650071912448);
INSERT INTO "tupa" VALUES('2017-03-18 14:02:32',0,5389650071912448);
INSERT INTO "tupa" VALUES('2017-03-18 14:02:33',0,6302195330842624);
INSERT INTO "tupa" VALUES('2017-03-18 14:02:35',0,5403550330912768);
INSERT INTO "tupa" VALUES('2017-03-18 14:02:45',0,5389650071912448);
INSERT INTO "tupa" VALUES('2017-03-18 14:02:47',5920664393351168,5966500284334080);
INSERT INTO "tupa" VALUES('2017-03-18 14:02:53',0,6302195330842624);
INSERT INTO "tupa" VALUES('2017-03-18 14:02:58',0,5403550330912768);
INSERT INTO "tupa" VALUES('2017-03-18 14:02:59',0,5389650071912448);
INSERT INTO "tupa" VALUES('2017-03-18 14:03:09',0,6700862650974208);
INSERT INTO "tupa" VALUES('2017-03-18 14:03:10',0,5389650071912448);
INSERT INTO "tupa" VALUES('2017-03-18 14:03:16',0,6302195330842624);
INSERT INTO "tupa" VALUES('2017-03-18 14:03:16',5528034857713664,6700862650974208);
INSERT INTO "tupa" VALUES('2017-03-18 14:03:24',0,5403550330912768);
INSERT INTO "tupa" VALUES('2017-03-18 14:03:29',0,6302195330842624);
INSERT INTO "tupa" VALUES('2017-03-18 14:03:35',0,5389650071912448);
INSERT INTO "tupa" VALUES('2017-03-18 14:03:49',0,5403550330912768);
INSERT INTO "tupa" VALUES('2017-03-18 14:03:49',0,6302195330842624);
INSERT INTO "tupa" VALUES('2017-03-18 14:03:51',0,5403550330912768);
INSERT INTO "tupa" VALUES('2017-03-18 14:04:02',0,5389650071912448);
INSERT INTO "tupa" VALUES('2017-03-18 14:04:06',0,6302195330842624);
INSERT INTO "tupa" VALUES('2017-03-18 14:04:11',0,5403550330912768);
INSERT INTO "tupa" VALUES('2017-03-18 14:04:12',0,5403550330912768);
INSERT INTO "tupa" VALUES('2017-03-18 14:04:13',0,5389650071912448);
INSERT INTO "tupa" VALUES('2017-03-18 14:04:24',0,5389650071912448);
INSERT INTO "tupa" VALUES('2017-03-18 14:04:31',0,5403550330912768);
INSERT INTO "tupa" VALUES('2017-03-18 14:04:35',0,5403550330912768);
INSERT INTO "tupa" VALUES('2017-03-18 14:04:37',0,5389650071912448);
INSERT INTO "tupa" VALUES('2017-03-18 14:04:54',0,5403550330912768);
INSERT INTO "tupa" VALUES('2017-03-18 14:04:56',0,5389650071912448);
INSERT INTO "tupa" VALUES('2017-03-18 14:05:10',0,5389650071912448);
INSERT INTO "tupa" VALUES('2017-03-18 14:05:11',0,5403550330912768);
INSERT INTO "tupa" VALUES('2017-03-18 14:05:14',0,5403550330912768);
INSERT INTO "tupa" VALUES('2017-03-18 14:05:21',5445149236658176,5389650071912448);
INSERT INTO "tupa" VALUES('2017-03-18 14:05:31',0,5403550330912768);
INSERT INTO "tupa" VALUES('2017-03-18 14:05:33',0,5403550330912768);
INSERT INTO "tupa" VALUES('2017-03-18 14:05:48',0,5403550330912768);
INSERT INTO "tupa" VALUES('2017-03-18 14:05:50',0,5403550330912768);
INSERT INTO "tupa" VALUES('2017-03-18 14:05:52',5091900256157696,4718466942631936);
INSERT INTO "tupa" VALUES('2017-03-18 14:05:53',5091900256157696,4718466942631936);
INSERT INTO "tupa" VALUES('2017-03-18 14:06:07',0,5403550330912768);
INSERT INTO "tupa" VALUES('2017-03-18 14:06:10',0,5403550330912768);
INSERT INTO "tupa" VALUES('2017-03-18 14:06:29',0,5403550330912768);
INSERT INTO "tupa" VALUES('2017-03-18 14:06:41',0,6515549978755072);
INSERT INTO "tupa" VALUES('2017-03-18 14:06:44',0,5403550330912768);
INSERT INTO "tupa" VALUES('2017-03-18 14:06:45',0,5403550330912768);
INSERT INTO "tupa" VALUES('2017-03-18 14:07:04',0,5403550330912768);
INSERT INTO "tupa" VALUES('2017-03-18 14:07:04',4554615953555456,4965084904292352);
INSERT INTO "tupa" VALUES('2017-03-18 14:07:05',0,5403550330912768);
INSERT INTO "tupa" VALUES('2017-03-18 14:07:14',0,6515549978755072);
INSERT INTO "tupa" VALUES('2017-03-18 14:07:26',0,5403550330912768);
INSERT INTO "tupa" VALUES('2017-03-18 14:07:27',0,5403550330912768);
INSERT INTO "tupa" VALUES('2017-03-18 14:08:01',0,5403550330912768);
INSERT INTO "tupa" VALUES('2017-03-18 14:08:21',0,5403550330912768);
INSERT INTO "tupa" VALUES('2017-03-18 14:08:23',0,6515549978755072);
INSERT INTO "tupa" VALUES('2017-03-18 14:08:46',4554615953555456,5654850209579008);
INSERT INTO "tupa" VALUES('2017-03-18 14:09:30',0,6700862650974208);
INSERT INTO "tupa" VALUES('2017-03-18 14:09:33',6579711287230464,4882199283236864);
INSERT INTO "tupa" VALUES('2017-03-18 14:09:33',6601880566235136,5453811380387840);
INSERT INTO "tupa" VALUES('2017-03-18 14:09:58',0,5403550330912768);
INSERT INTO "tupa" VALUES('2017-03-18 14:10:00',0,6515549978755072);
INSERT INTO "tupa" VALUES('2017-03-18 14:10:07',6202139370061824,6288168907177984);
INSERT INTO "tupa" VALUES('2017-03-18 14:10:15',5920664393351168,5156929819115520);
INSERT INTO "tupa" VALUES('2017-03-18 14:10:23',0,5403550330912768);
INSERT INTO "tupa" VALUES('2017-03-18 14:10:28',4894820447289344,5176295424000000);
INSERT INTO "tupa" VALUES('2017-03-18 14:10:30',4894820447289344,5176295424000000);
INSERT INTO "tupa" VALUES('2017-03-18 14:10:35',0,6515549978755072);
INSERT INTO "tupa" VALUES('2017-03-18 14:10:36',0,6700862650974208);
INSERT INTO "tupa" VALUES('2017-03-18 14:10:37',0,6515549978755072);
INSERT INTO "tupa" VALUES('2017-03-18 14:10:45',0,5403550330912768);
INSERT INTO "tupa" VALUES('2017-03-18 14:10:49',0,6700862650974208);
INSERT INTO "tupa" VALUES('2017-03-18 14:11:02',0,5389650071912448);
INSERT INTO "tupa" VALUES('2017-03-18 14:11:04',0,5403550330912768);
INSERT INTO "tupa" VALUES('2017-03-18 14:11:13',0,6700862650974208);
INSERT INTO "tupa" VALUES('2017-03-18 14:11:19',0,5403550330912768);
INSERT INTO "tupa" VALUES('2017-03-18 14:11:21',0,5389650071912448);
INSERT INTO "tupa" VALUES('2017-03-18 14:11:30',6460378439483392,5389650071912448);
INSERT INTO "tupa" VALUES('2017-03-18 14:11:42',0,5403550330912768);
INSERT INTO "tupa" VALUES('2017-03-18 14:11:59',0,5403550330912768);
INSERT INTO "tupa" VALUES('2017-03-18 14:11:59',5844366849474560,5966500284334080);
INSERT INTO "tupa" VALUES('2017-03-18 14:11:59',5936325186289664,6700862650974208);
INSERT INTO "tupa" VALUES('2017-03-18 14:12:23',0,5403550330912768);
INSERT INTO "tupa" VALUES('2017-03-18 14:12:31',5936325186289664,5403550330912768);
INSERT INTO "tupa" VALUES('2017-03-18 14:12:44',5248912583557120,6515549978755072);
INSERT INTO "tupa" VALUES('2017-03-18 14:13:06',0,6515549978755072);
INSERT INTO "tupa" VALUES('2017-03-18 14:13:26',5680515860398080,4718466942631936);
INSERT INTO "tupa" VALUES('2017-03-18 14:13:29',5248912583557120,6515549978755072);
INSERT INTO "tupa" VALUES('2017-03-18 14:14:25',6235743596838912,5654850209579008);
INSERT INTO "tupa" VALUES('2017-03-18 14:16:45',4854848931495936,6302195330842624);
INSERT INTO "tupa" VALUES('2017-03-18 14:16:47',6529450237755392,4965084904292352);
INSERT INTO "tupa" VALUES('2017-03-18 14:17:17',0,5574962744131584);
INSERT INTO "tupa" VALUES('2017-03-18 14:17:29',4763145205710848,5966500284334080);
INSERT INTO "tupa" VALUES('2017-03-18 14:17:34',5844366849474560,5156929819115520);
INSERT INTO "tupa" VALUES('2017-03-18 14:17:35',0,6016761333809152);
INSERT INTO "tupa" VALUES('2017-03-18 14:17:50',0,5461375488884736);
INSERT INTO "tupa" VALUES('2017-03-18 14:17:57',0,6700862650974208);
INSERT INTO "tupa" VALUES('2017-03-18 14:18:16',5313972748156928,5403550330912768);
INSERT INTO "tupa" VALUES('2017-03-18 14:18:27',5811862536978432,6288168907177984);
INSERT INTO "tupa" VALUES('2017-03-18 14:18:40',0,5461375488884736);
INSERT INTO "tupa" VALUES('2017-03-18 14:18:55',5313972748156928,6700862650974208);
INSERT INTO "tupa" VALUES('2017-03-18 14:19:10',0,5461375488884736);
INSERT INTO "tupa" VALUES('2017-03-18 14:19:35',0,5461375488884736);
INSERT INTO "tupa" VALUES('2017-03-18 14:19:54',5357714439929856,5574962744131584);
INSERT INTO "tupa" VALUES('2017-03-18 14:20:01',0,5461375488884736);
INSERT INTO "tupa" VALUES('2017-03-18 14:20:40',0,5461375488884736);
INSERT INTO "tupa" VALUES('2017-03-18 14:21:16',0,5461375488884736);
INSERT INTO "tupa" VALUES('2017-03-18 14:21:36',6460378439483392,4718466942631936);
INSERT INTO "tupa" VALUES('2017-03-18 14:21:38',6460378439483392,4718466942631936);
INSERT INTO "tupa" VALUES('2017-03-18 14:21:47',4763145205710848,5156929819115520);
INSERT INTO "tupa" VALUES('2017-03-18 14:21:50',0,6302195330842624);
INSERT INTO "tupa" VALUES('2017-03-18 14:21:59',0,5461375488884736);
INSERT INTO "tupa" VALUES('2017-03-18 14:22:10',5680515860398080,5389650071912448);
INSERT INTO "tupa" VALUES('2017-03-18 14:22:22',0,5461375488884736);
INSERT INTO "tupa" VALUES('2017-03-18 14:22:38',0,6302195330842624);
INSERT INTO "tupa" VALUES('2017-03-18 14:22:42',0,5461375488884736);
INSERT INTO "tupa" VALUES('2017-03-18 14:22:58',0,6302195330842624);
INSERT INTO "tupa" VALUES('2017-03-18 14:23:08',6235743596838912,4965084904292352);
INSERT INTO "tupa" VALUES('2017-03-18 14:23:09',0,5461375488884736);
INSERT INTO "tupa" VALUES('2017-03-18 14:23:15',0,6302195330842624);
INSERT INTO "tupa" VALUES('2017-03-18 14:23:31',0,6302195330842624);
INSERT INTO "tupa" VALUES('2017-03-18 14:23:35',0,5461375488884736);
INSERT INTO "tupa" VALUES('2017-03-18 14:23:46',0,6302195330842624);
INSERT INTO "tupa" VALUES('2017-03-18 14:23:52',0,5461375488884736);
INSERT INTO "tupa" VALUES('2017-03-18 14:24:02',0,6302195330842624);
INSERT INTO "tupa" VALUES('2017-03-18 14:24:06',6305800419016704,6700862650974208);
INSERT INTO "tupa" VALUES('2017-03-18 14:24:20',0,6302195330842624);
INSERT INTO "tupa" VALUES('2017-03-18 14:24:31',0,5461375488884736);
INSERT INTO "tupa" VALUES('2017-03-18 14:24:47',0,6302195330842624);
INSERT INTO "tupa" VALUES('2017-03-18 14:25:01',0,6302195330842624);
INSERT INTO "tupa" VALUES('2017-03-18 14:25:09',0,5461375488884736);
INSERT INTO "tupa" VALUES('2017-03-18 14:25:16',6029782600908800,6302195330842624);
INSERT INTO "tupa" VALUES('2017-03-18 14:25:42',0,5461375488884736);
INSERT INTO "tupa" VALUES('2017-03-18 14:26:20',0,5461375488884736);
INSERT INTO "tupa" VALUES('2017-03-18 14:26:32',0,5461375488884736);
INSERT INTO "tupa" VALUES('2017-03-18 14:26:42',0,5966500284334080);
INSERT INTO "tupa" VALUES('2017-03-18 14:27:01',0,5461375488884736);
INSERT INTO "tupa" VALUES('2017-03-18 14:27:02',0,5966500284334080);
INSERT INTO "tupa" VALUES('2017-03-18 14:27:23',4928404407189504,5966500284334080);
INSERT INTO "tupa" VALUES('2017-03-18 14:27:26',0,5461375488884736);
INSERT INTO "tupa" VALUES('2017-03-18 14:27:48',0,5461375488884736);
INSERT INTO "tupa" VALUES('2017-03-18 14:27:59',5445149236658176,4718466942631936);
INSERT INTO "tupa" VALUES('2017-03-18 14:28:02',5445149236658176,4718466942631936);
INSERT INTO "tupa" VALUES('2017-03-18 14:28:20',0,5461375488884736);
INSERT INTO "tupa" VALUES('2017-03-18 14:28:37',0,5461375488884736);
INSERT INTO "tupa" VALUES('2017-03-18 14:28:44',4928404407189504,6515549978755072);
INSERT INTO "tupa" VALUES('2017-03-18 14:29:23',4828368713285632,6288168907177984);
INSERT INTO "tupa" VALUES('2017-03-18 14:29:29',4928404407189504,6515549978755072);
INSERT INTO "tupa" VALUES('2017-03-18 14:29:41',6471838888624128,6700862650974208);
INSERT INTO "tupa" VALUES('2017-03-18 14:29:51',0,5461375488884736);
INSERT INTO "tupa" VALUES('2017-03-18 14:30:03',5091900256157696,5389650071912448);
INSERT INTO "tupa" VALUES('2017-03-18 14:30:15',0,5461375488884736);
INSERT INTO "tupa" VALUES('2017-03-18 14:30:38',0,5461375488884736);
INSERT INTO "tupa" VALUES('2017-03-18 14:30:54',0,5461375488884736);
INSERT INTO "tupa" VALUES('2017-03-18 14:31:08',0,5461375488884736);
INSERT INTO "tupa" VALUES('2017-03-18 14:31:30',0,5461375488884736);
INSERT INTO "tupa" VALUES('2017-03-18 14:31:50',6090984811134976,4718466942631936);
INSERT INTO "tupa" VALUES('2017-03-18 14:31:53',6090984811134976,4718466942631936);
INSERT INTO "tupa" VALUES('2017-03-18 14:31:58',0,5461375488884736);
INSERT INTO "tupa" VALUES('2017-03-18 14:32:31',0,5461375488884736);
INSERT INTO "tupa" VALUES('2017-03-18 14:32:32',4741461794881536,5654850209579008);
INSERT INTO "tupa" VALUES('2017-03-18 14:33:16',0,5461375488884736);
INSERT INTO "tupa" VALUES('2017-03-18 14:33:26',5091900256157696,6700862650974208);
INSERT INTO "tupa" VALUES('2017-03-18 14:33:29',0,5156929819115520);
INSERT INTO "tupa" VALUES('2017-03-18 14:33:39',6190363911913472,5156929819115520);
INSERT INTO "tupa" VALUES('2017-03-18 14:34:12',0,5461375488884736);
INSERT INTO "tupa" VALUES('2017-03-18 14:34:37',0,5461375488884736);
INSERT INTO "tupa" VALUES('2017-03-18 14:34:59',0,5966500284334080);
INSERT INTO "tupa" VALUES('2017-03-18 14:35:00',5102749880418304,5574962744131584);
INSERT INTO "tupa" VALUES('2017-03-18 14:35:04',0,5461375488884736);
INSERT INTO "tupa" VALUES('2017-03-18 14:35:31',0,5966500284334080);
INSERT INTO "tupa" VALUES('2017-03-18 14:35:54',0,5461375488884736);
INSERT INTO "tupa" VALUES('2017-03-18 14:36:04',5373190012403712,4965084904292352);
INSERT INTO "tupa" VALUES('2017-03-18 14:36:27',0,5403550330912768);
INSERT INTO "tupa" VALUES('2017-03-18 14:36:34',0,5461375488884736);
INSERT INTO "tupa" VALUES('2017-03-18 14:36:56',0,6515549978755072);
INSERT INTO "tupa" VALUES('2017-03-18 14:37:00',0,5461375488884736);
INSERT INTO "tupa" VALUES('2017-03-18 14:37:00',5876922701578240,5389650071912448);
INSERT INTO "tupa" VALUES('2017-03-18 14:37:10',0,6515549978755072);
INSERT INTO "tupa" VALUES('2017-03-18 14:37:15',0,5966500284334080);
INSERT INTO "tupa" VALUES('2017-03-18 14:37:18',0,5461375488884736);
INSERT INTO "tupa" VALUES('2017-03-18 14:37:19',6190363911913472,6515549978755072);
INSERT INTO "tupa" VALUES('2017-03-18 14:37:23',6190363911913472,6515549978755072);
INSERT INTO "tupa" VALUES('2017-03-18 14:37:24',0,6700862650974208);
INSERT INTO "tupa" VALUES('2017-03-18 14:37:34',5064464005070848,4718466942631936);
INSERT INTO "tupa" VALUES('2017-03-18 14:37:40',5064464005070848,4718466942631936);
INSERT INTO "tupa" VALUES('2017-03-18 14:37:42',0,5403550330912768);
INSERT INTO "tupa" VALUES('2017-03-18 14:37:43',4771528579219456,6288168907177984);
INSERT INTO "tupa" VALUES('2017-03-18 14:37:44',4928404407189504,5156929819115520);
INSERT INTO "tupa" VALUES('2017-03-18 14:37:46',6305800419016704,5403550330912768);
INSERT INTO "tupa" VALUES('2017-03-18 14:37:51',0,5461375488884736);
INSERT INTO "tupa" VALUES('2017-03-18 14:38:04',0,5461375488884736);
INSERT INTO "tupa" VALUES('2017-03-18 14:38:28',0,6700862650974208);
INSERT INTO "tupa" VALUES('2017-03-18 14:38:38',0,5461375488884736);
INSERT INTO "tupa" VALUES('2017-03-18 14:39:11',0,5461375488884736);
INSERT INTO "tupa" VALUES('2017-03-18 14:39:25',0,5461375488884736);
INSERT INTO "tupa" VALUES('2017-03-18 14:39:28',0,6700862650974208);
INSERT INTO "tupa" VALUES('2017-03-18 14:39:46',0,5461375488884736);
INSERT INTO "tupa" VALUES('2017-03-18 14:39:46',0,5966500284334080);
INSERT INTO "tupa" VALUES('2017-03-18 14:39:46',5680515860398080,6700862650974208);
INSERT INTO "tupa" VALUES('2017-03-18 14:40:04',0,5453811380387840);
INSERT INTO "tupa" VALUES('2017-03-18 14:40:34',0,5461375488884736);
INSERT INTO "tupa" VALUES('2017-03-18 14:40:35',0,5453811380387840);
INSERT INTO "tupa" VALUES('2017-03-18 14:40:47',0,4882199283236864);
INSERT INTO "tupa" VALUES('2017-03-18 14:40:52',5248912583557120,5966500284334080);
INSERT INTO "tupa" VALUES('2017-03-18 14:40:56',0,5453811380387840);
INSERT INTO "tupa" VALUES('2017-03-18 14:41:06',0,5461375488884736);
INSERT INTO "tupa" VALUES('2017-03-18 14:41:33',0,5453811380387840);
INSERT INTO "tupa" VALUES('2017-03-18 14:41:40',0,5461375488884736);
INSERT INTO "tupa" VALUES('2017-03-18 14:41:47',4913030705971200,5453811380387840);
INSERT INTO "tupa" VALUES('2017-03-18 14:41:55',0,5461375488884736);
INSERT INTO "tupa" VALUES('2017-03-18 14:42:02',6001354749247488,4882199283236864);
INSERT INTO "tupa" VALUES('2017-03-18 14:42:03',5357714439929856,6016761333809152);
INSERT INTO "tupa" VALUES('2017-03-18 14:42:22',0,5461375488884736);
INSERT INTO "tupa" VALUES('2017-03-18 14:42:29',0,4882199283236864);
INSERT INTO "tupa" VALUES('2017-03-18 14:42:38',0,5461375488884736);
INSERT INTO "tupa" VALUES('2017-03-18 14:42:48',4967437606846464,5461375488884736);
INSERT INTO "tupa" VALUES('2017-03-18 14:44:07',0,6515549978755072);
INSERT INTO "tupa" VALUES('2017-03-18 14:44:16',0,6515549978755072);
INSERT INTO "tupa" VALUES('2017-03-18 14:44:26',0,5403550330912768);
INSERT INTO "tupa" VALUES('2017-03-18 14:44:33',0,6515549978755072);
INSERT INTO "tupa" VALUES('2017-03-18 14:44:43',0,6515549978755072);
INSERT INTO "tupa" VALUES('2017-03-18 14:44:48',0,6302195330842624);
INSERT INTO "tupa" VALUES('2017-03-18 14:44:56',0,5403550330912768);
INSERT INTO "tupa" VALUES('2017-03-18 14:45:00',6529450237755392,5654850209579008);
INSERT INTO "tupa" VALUES('2017-03-18 14:45:10',0,6302195330842624);
INSERT INTO "tupa" VALUES('2017-03-18 14:45:15',0,5403550330912768);
INSERT INTO "tupa" VALUES('2017-03-18 14:45:18',0,6515549978755072);
INSERT INTO "tupa" VALUES('2017-03-18 14:45:24',6471838888624128,5403550330912768);
INSERT INTO "tupa" VALUES('2017-03-18 14:45:28',0,6302195330842624);
INSERT INTO "tupa" VALUES('2017-03-18 14:45:50',0,6302195330842624);
INSERT INTO "tupa" VALUES('2017-03-18 14:46:04',0,6302195330842624);
INSERT INTO "tupa" VALUES('2017-03-18 14:46:18',0,6302195330842624);
INSERT INTO "tupa" VALUES('2017-03-18 14:46:28',5232196570841088,6302195330842624);
INSERT INTO "tupa" VALUES('2017-03-18 14:47:25',5248912583557120,5156929819115520);
INSERT INTO "tupa" VALUES('2017-03-18 14:48:01',0,5389650071912448);
INSERT INTO "tupa" VALUES('2017-03-18 14:48:45',0,5389650071912448);
INSERT INTO "tupa" VALUES('2017-03-18 14:49:36',6471838888624128,5389650071912448);
INSERT INTO "tupa" VALUES('2017-03-18 14:49:41',6460378439483392,6700862650974208);
INSERT INTO "tupa" VALUES('2017-03-18 14:50:05',5102749880418304,5966500284334080);
INSERT INTO "tupa" VALUES('2017-03-18 14:50:07',5091900256157696,5403550330912768);
INSERT INTO "tupa" VALUES('2017-03-18 14:50:29',0,6515549978755072);
INSERT INTO "tupa" VALUES('2017-03-18 14:50:44',0,4718466942631936);
INSERT INTO "tupa" VALUES('2017-03-18 14:50:59',0,6515549978755072);
INSERT INTO "tupa" VALUES('2017-03-18 14:51:03',0,4718466942631936);
INSERT INTO "tupa" VALUES('2017-03-18 14:51:14',0,5176295424000000);
INSERT INTO "tupa" VALUES('2017-03-18 14:51:25',0,4718466942631936);
INSERT INTO "tupa" VALUES('2017-03-18 14:51:25',5266544498049024,6515549978755072);
INSERT INTO "tupa" VALUES('2017-03-18 14:51:38',5548019474759680,5176295424000000);
INSERT INTO "tupa" VALUES('2017-03-18 14:51:42',5548019474759680,5176295424000000);
INSERT INTO "tupa" VALUES('2017-03-18 14:51:47',5266544498049024,6515549978755072);
INSERT INTO "tupa" VALUES('2017-03-18 14:51:48',0,4718466942631936);
INSERT INTO "tupa" VALUES('2017-03-18 14:52:03',0,4718466942631936);
INSERT INTO "tupa" VALUES('2017-03-18 14:52:30',0,4718466942631936);
INSERT INTO "tupa" VALUES('2017-03-18 14:52:53',0,4718466942631936);
INSERT INTO "tupa" VALUES('2017-03-18 14:53:17',0,4718466942631936);
INSERT INTO "tupa" VALUES('2017-03-18 14:53:32',0,4718466942631936);
INSERT INTO "tupa" VALUES('2017-03-18 14:53:34',0,4718466942631936);
INSERT INTO "tupa" VALUES('2017-03-18 14:53:39',5176191136825344,4718466942631936);
INSERT INTO "tupa" VALUES('2017-03-18 14:53:41',6110969428180992,5574962744131584);
INSERT INTO "tupa" VALUES('2017-03-18 14:55:01',5445149236658176,6700862650974208);
INSERT INTO "tupa" VALUES('2017-03-18 14:55:38',6110969428180992,6288168907177984);
INSERT INTO "tupa" VALUES('2017-03-18 14:56:23',5680515860398080,5403550330912768);
INSERT INTO "tupa" VALUES('2017-03-18 14:56:38',4763145205710848,6515549978755072);
INSERT INTO "tupa" VALUES('2017-03-18 14:56:41',4763145205710848,6515549978755072);
INSERT INTO "tupa" VALUES('2017-03-18 14:56:59',4763145205710848,6515549978755072);
INSERT INTO "tupa" VALUES('2017-03-18 14:57:53',6305800419016704,5389650071912448);
INSERT INTO "tupa" VALUES('2017-03-18 14:58:46',0,6016761333809152);
INSERT INTO "tupa" VALUES('2017-03-18 14:58:46',5102749880418304,5156929819115520);
INSERT INTO "tupa" VALUES('2017-03-18 14:58:58',6090984811134976,6700862650974208);
INSERT INTO "tupa" VALUES('2017-03-18 14:58:58',6335779290742784,5654850209579008);
INSERT INTO "tupa" VALUES('2017-03-18 15:00:20',0,6016761333809152);
INSERT INTO "tupa" VALUES('2017-03-18 15:01:10',0,5453811380387840);
INSERT INTO "tupa" VALUES('2017-03-18 15:01:31',6190363911913472,6016761333809152);
INSERT INTO "tupa" VALUES('2017-03-18 15:02:09',0,5461375488884736);
INSERT INTO "tupa" VALUES('2017-03-18 15:02:22',0,5461375488884736);
INSERT INTO "tupa" VALUES('2017-03-18 15:02:23',0,4965084904292352);
INSERT INTO "tupa" VALUES('2017-03-18 15:02:33',0,5453811380387840);
INSERT INTO "tupa" VALUES('2017-03-18 15:02:43',0,5461375488884736);
INSERT INTO "tupa" VALUES('2017-03-18 15:02:53',0,5453811380387840);
INSERT INTO "tupa" VALUES('2017-03-18 15:02:53',0,5461375488884736);
INSERT INTO "tupa" VALUES('2017-03-18 15:03:08',0,5461375488884736);
INSERT INTO "tupa" VALUES('2017-03-18 15:03:12',4810425279447040,5461375488884736);
INSERT INTO "tupa" VALUES('2017-03-18 15:03:19',0,5453811380387840);
INSERT INTO "tupa" VALUES('2017-03-18 15:03:33',4810425279447040,5453811380387840);
INSERT INTO "tupa" VALUES('2017-03-18 15:03:37',0,6515549978755072);
INSERT INTO "tupa" VALUES('2017-03-18 15:03:43',0,6515549978755072);
INSERT INTO "tupa" VALUES('2017-03-18 15:03:45',0,4965084904292352);
INSERT INTO "tupa" VALUES('2017-03-18 15:03:56',5844366849474560,6515549978755072);
INSERT INTO "tupa" VALUES('2017-03-18 15:04:05',5844366849474560,6515549978755072);
INSERT INTO "tupa" VALUES('2017-03-18 15:04:23',0,6700862650974208);
INSERT INTO "tupa" VALUES('2017-03-18 15:04:40',5064464005070848,6700862650974208);
INSERT INTO "tupa" VALUES('2017-03-18 15:04:46',0,4965084904292352);
INSERT INTO "tupa" VALUES('2017-03-18 15:04:57',6460378439483392,5403550330912768);
INSERT INTO "tupa" VALUES('2017-03-18 15:05:03',5313972748156928,5389650071912448);
INSERT INTO "tupa" VALUES('2017-03-18 15:05:44',0,4965084904292352);
INSERT INTO "tupa" VALUES('2017-03-18 15:06:16',0,4965084904292352);
INSERT INTO "tupa" VALUES('2017-03-18 15:06:34',0,4965084904292352);
INSERT INTO "tupa" VALUES('2017-03-18 15:07:09',0,4965084904292352);
INSERT INTO "tupa" VALUES('2017-03-18 15:07:48',0,4965084904292352);
INSERT INTO "tupa" VALUES('2017-03-18 15:08:20',4928404407189504,6016761333809152);
INSERT INTO "tupa" VALUES('2017-03-18 15:08:39',0,4965084904292352);
INSERT INTO "tupa" VALUES('2017-03-18 15:09:21',0,4965084904292352);
INSERT INTO "tupa" VALUES('2017-03-18 15:09:40',0,4965084904292352);
INSERT INTO "tupa" VALUES('2017-03-18 15:10:03',5176191136825344,4965084904292352);
INSERT INTO "tupa" VALUES('2017-03-18 15:10:12',5209879383900160,5574962744131584);
INSERT INTO "tupa" VALUES('2017-03-18 15:10:55',6439872654999552,6288168907177984);
INSERT INTO "tupa" VALUES('2017-03-18 15:11:40',5373190012403712,4718466942631936);
INSERT INTO "tupa" VALUES('2017-03-18 15:11:40',5445149236658176,5403550330912768);
INSERT INTO "tupa" VALUES('2017-03-18 15:11:48',5373190012403712,4718466942631936);
INSERT INTO "tupa" VALUES('2017-03-18 15:11:49',5373190012403712,4718466942631936);
INSERT INTO "tupa" VALUES('2017-03-18 15:13:00',5373190012403712,5654850209579008);
INSERT INTO "tupa" VALUES('2017-03-18 15:13:09',6020720354131968,6515549978755072);
INSERT INTO "tupa" VALUES('2017-03-18 15:13:32',6020720354131968,6515549978755072);
INSERT INTO "tupa" VALUES('2017-03-18 15:13:40',4554615953555456,6302195330842624);
INSERT INTO "tupa" VALUES('2017-03-18 15:13:49',0,5389650071912448);
INSERT INTO "tupa" VALUES('2017-03-18 15:14:10',0,5389650071912448);
INSERT INTO "tupa" VALUES('2017-03-18 15:14:26',0,5389650071912448);
INSERT INTO "tupa" VALUES('2017-03-18 15:14:41',0,5389650071912448);
INSERT INTO "tupa" VALUES('2017-03-18 15:15:02',0,5389650071912448);
INSERT INTO "tupa" VALUES('2017-03-18 15:15:20',0,5389650071912448);
INSERT INTO "tupa" VALUES('2017-03-18 15:15:40',6090984811134976,5403550330912768);
INSERT INTO "tupa" VALUES('2017-03-18 15:15:43',0,5389650071912448);
INSERT INTO "tupa" VALUES('2017-03-18 15:16:19',0,5389650071912448);
INSERT INTO "tupa" VALUES('2017-03-18 15:16:42',0,5389650071912448);
INSERT INTO "tupa" VALUES('2017-03-18 15:17:01',0,5389650071912448);
INSERT INTO "tupa" VALUES('2017-03-18 15:17:19',0,5389650071912448);
INSERT INTO "tupa" VALUES('2017-03-18 15:17:38',0,5389650071912448);
INSERT INTO "tupa" VALUES('2017-03-18 15:17:49',0,5389650071912448);
INSERT INTO "tupa" VALUES('2017-03-18 15:18:00',0,5389650071912448);
INSERT INTO "tupa" VALUES('2017-03-18 15:18:12',6374812490399744,6515549978755072);
INSERT INTO "tupa" VALUES('2017-03-18 15:18:14',0,5389650071912448);
INSERT INTO "tupa" VALUES('2017-03-18 15:18:39',6374812490399744,6515549978755072);
INSERT INTO "tupa" VALUES('2017-03-18 15:18:45',6235743596838912,6302195330842624);
INSERT INTO "tupa" VALUES('2017-03-18 15:18:50',0,5389650071912448);
INSERT INTO "tupa" VALUES('2017-03-18 15:19:04',0,5389650071912448);
INSERT INTO "tupa" VALUES('2017-03-18 15:19:14',6653934764556288,5574962744131584);
INSERT INTO "tupa" VALUES('2017-03-18 15:19:19',0,5389650071912448);
INSERT INTO "tupa" VALUES('2017-03-18 15:19:30',6358096477683712,5966500284334080);
INSERT INTO "tupa" VALUES('2017-03-18 15:19:44',5209879383900160,6288168907177984);
INSERT INTO "tupa" VALUES('2017-03-18 15:19:45',0,5389650071912448);
INSERT INTO "tupa" VALUES('2017-03-18 15:20:01',0,5389650071912448);
INSERT INTO "tupa" VALUES('2017-03-18 15:20:12',0,5389650071912448);
INSERT INTO "tupa" VALUES('2017-03-18 15:20:17',6335779290742784,4718466942631936);
INSERT INTO "tupa" VALUES('2017-03-18 15:20:35',6335779290742784,4718466942631936);
INSERT INTO "tupa" VALUES('2017-03-18 15:20:44',0,5389650071912448);
INSERT INTO "tupa" VALUES('2017-03-18 15:21:46',0,5389650071912448);
INSERT INTO "tupa" VALUES('2017-03-18 15:21:55',5357714439929856,5156929819115520);
INSERT INTO "tupa" VALUES('2017-03-18 15:22:09',0,5389650071912448);
INSERT INTO "tupa" VALUES('2017-03-18 15:22:19',5795146524262400,4882199283236864);
INSERT INTO "tupa" VALUES('2017-03-18 15:22:29',0,5389650071912448);
INSERT INTO "tupa" VALUES('2017-03-18 15:22:42',0,5389650071912448);
INSERT INTO "tupa" VALUES('2017-03-18 15:22:42',5795146524262400,4882199283236864);
INSERT INTO "tupa" VALUES('2017-03-18 15:22:54',5064464005070848,5403550330912768);
INSERT INTO "tupa" VALUES('2017-03-18 15:23:01',0,5389650071912448);
INSERT INTO "tupa" VALUES('2017-03-18 15:23:05',0,5461375488884736);
INSERT INTO "tupa" VALUES('2017-03-18 15:23:24',0,5389650071912448);
INSERT INTO "tupa" VALUES('2017-03-18 15:23:24',0,5461375488884736);
INSERT INTO "tupa" VALUES('2017-03-18 15:23:39',0,5461375488884736);
INSERT INTO "tupa" VALUES('2017-03-18 15:23:51',0,5389650071912448);
INSERT INTO "tupa" VALUES('2017-03-18 15:23:59',0,5461375488884736);
INSERT INTO "tupa" VALUES('2017-03-18 15:24:16',0,5389650071912448);
INSERT INTO "tupa" VALUES('2017-03-18 15:24:17',0,5461375488884736);
INSERT INTO "tupa" VALUES('2017-03-18 15:24:36',0,5461375488884736);
INSERT INTO "tupa" VALUES('2017-03-18 15:24:37',0,5389650071912448);
INSERT INTO "tupa" VALUES('2017-03-18 15:24:45',4913030705971200,5461375488884736);
INSERT INTO "tupa" VALUES('2017-03-18 15:24:48',4913030705971200,5461375488884736);
INSERT INTO "tupa" VALUES('2017-03-18 15:25:06',0,6700862650974208);
INSERT INTO "tupa" VALUES('2017-03-18 15:25:10',0,5389650071912448);
INSERT INTO "tupa" VALUES('2017-03-18 15:25:38',0,5389650071912448);
INSERT INTO "tupa" VALUES('2017-03-18 15:25:46',5176191136825344,5654850209579008);
INSERT INTO "tupa" VALUES('2017-03-18 15:26:09',0,5389650071912448);
INSERT INTO "tupa" VALUES('2017-03-18 15:26:13',0,6700862650974208);
INSERT INTO "tupa" VALUES('2017-03-18 15:26:23',0,6515549978755072);
INSERT INTO "tupa" VALUES('2017-03-18 15:26:34',5176191136825344,6700862650974208);
INSERT INTO "tupa" VALUES('2017-03-18 15:26:43',0,5389650071912448);
INSERT INTO "tupa" VALUES('2017-03-18 15:27:09',0,5389650071912448);
INSERT INTO "tupa" VALUES('2017-03-18 15:27:24',0,5389650071912448);
INSERT INTO "tupa" VALUES('2017-03-18 15:27:26',0,6515549978755072);
INSERT INTO "tupa" VALUES('2017-03-18 15:27:39',0,5389650071912448);
INSERT INTO "tupa" VALUES('2017-03-18 15:27:54',6001354749247488,5574962744131584);
INSERT INTO "tupa" VALUES('2017-03-18 15:27:55',0,5389650071912448);
INSERT INTO "tupa" VALUES('2017-03-18 15:28:00',5739141090246656,6515549978755072);
INSERT INTO "tupa" VALUES('2017-03-18 15:28:01',5739141090246656,6515549978755072);
INSERT INTO "tupa" VALUES('2017-03-18 15:28:14',0,5389650071912448);
INSERT INTO "tupa" VALUES('2017-03-18 15:28:21',0,6515549978755072);
INSERT INTO "tupa" VALUES('2017-03-18 15:28:33',0,5389650071912448);
INSERT INTO "tupa" VALUES('2017-03-18 15:28:55',0,5389650071912448);
INSERT INTO "tupa" VALUES('2017-03-18 15:29:17',0,5389650071912448);
INSERT INTO "tupa" VALUES('2017-03-18 15:29:21',5064464005070848,4965084904292352);
INSERT INTO "tupa" VALUES('2017-03-18 15:29:31',0,5389650071912448);
INSERT INTO "tupa" VALUES('2017-03-18 15:29:49',0,5389650071912448);
INSERT INTO "tupa" VALUES('2017-03-18 15:30:11',0,5389650071912448);
INSERT INTO "tupa" VALUES('2017-03-18 15:30:35',0,5389650071912448);
INSERT INTO "tupa" VALUES('2017-03-18 15:30:48',5528034857713664,5389650071912448);
INSERT INTO "tupa" VALUES('2017-03-18 15:31:41',5466832647487488,6288168907177984);
INSERT INTO "tupa" VALUES('2017-03-18 15:33:00',0,5453811380387840);
INSERT INTO "tupa" VALUES('2017-03-18 15:33:23',0,5453811380387840);
INSERT INTO "tupa" VALUES('2017-03-18 15:33:45',6305800419016704,4965084904292352);
INSERT INTO "tupa" VALUES('2017-03-18 15:33:48',0,5403550330912768);
INSERT INTO "tupa" VALUES('2017-03-18 15:33:49',0,5403550330912768);
INSERT INTO "tupa" VALUES('2017-03-18 15:34:03',0,5403550330912768);
INSERT INTO "tupa" VALUES('2017-03-18 15:34:22',0,5403550330912768);
INSERT INTO "tupa" VALUES('2017-03-18 15:34:27',0,5403550330912768);
INSERT INTO "tupa" VALUES('2017-03-18 15:34:47',0,5403550330912768);
INSERT INTO "tupa" VALUES('2017-03-18 15:34:56',0,5403550330912768);
INSERT INTO "tupa" VALUES('2017-03-18 15:35:04',0,5453811380387840);
INSERT INTO "tupa" VALUES('2017-03-18 15:35:24',0,5403550330912768);
INSERT INTO "tupa" VALUES('2017-03-18 15:35:25',0,5403550330912768);
INSERT INTO "tupa" VALUES('2017-03-18 15:35:26',0,5453811380387840);
INSERT INTO "tupa" VALUES('2017-03-18 15:35:40',5548019474759680,5156929819115520);
INSERT INTO "tupa" VALUES('2017-03-18 15:35:41',0,5403550330912768);
INSERT INTO "tupa" VALUES('2017-03-18 15:35:43',0,5403550330912768);
INSERT INTO "tupa" VALUES('2017-03-18 15:35:51',0,6016761333809152);
INSERT INTO "tupa" VALUES('2017-03-18 15:35:56',0,5453811380387840);
INSERT INTO "tupa" VALUES('2017-03-18 15:36:06',5417798884917248,5453811380387840);
INSERT INTO "tupa" VALUES('2017-03-18 15:36:18',0,5403550330912768);
INSERT INTO "tupa" VALUES('2017-03-18 15:36:40',0,6016761333809152);
INSERT INTO "tupa" VALUES('2017-03-18 15:36:40',6235743596838912,4718466942631936);
INSERT INTO "tupa" VALUES('2017-03-18 15:36:43',6235743596838912,4718466942631936);
INSERT INTO "tupa" VALUES('2017-03-18 15:36:45',5064464005070848,5654850209579008);
INSERT INTO "tupa" VALUES('2017-03-18 15:36:47',4854848931495936,5389650071912448);
INSERT INTO "tupa" VALUES('2017-03-18 15:36:57',0,5403550330912768);
INSERT INTO "tupa" VALUES('2017-03-18 15:36:58',0,5403550330912768);
INSERT INTO "tupa" VALUES('2017-03-18 15:37:08',0,6515549978755072);
INSERT INTO "tupa" VALUES('2017-03-18 15:37:09',0,6515549978755072);
INSERT INTO "tupa" VALUES('2017-03-18 15:37:19',0,5403550330912768);
INSERT INTO "tupa" VALUES('2017-03-18 15:37:35',0,6515549978755072);
INSERT INTO "tupa" VALUES('2017-03-18 15:37:38',0,4965084904292352);
INSERT INTO "tupa" VALUES('2017-03-18 15:37:47',0,5403550330912768);
INSERT INTO "tupa" VALUES('2017-03-18 15:38:03',0,5403550330912768);
INSERT INTO "tupa" VALUES('2017-03-18 15:38:23',5076239463219200,5574962744131584);
INSERT INTO "tupa" VALUES('2017-03-18 15:38:29',0,6515549978755072);
INSERT INTO "tupa" VALUES('2017-03-18 15:38:31',0,5403550330912768);
INSERT INTO "tupa" VALUES('2017-03-18 15:38:36',0,4965084904292352);
INSERT INTO "tupa" VALUES('2017-03-18 15:38:37',0,5403550330912768);
INSERT INTO "tupa" VALUES('2017-03-18 15:38:56',0,5403550330912768);
INSERT INTO "tupa" VALUES('2017-03-18 15:39:01',5313972748156928,4965084904292352);
INSERT INTO "tupa" VALUES('2017-03-18 15:39:24',0,5403550330912768);
INSERT INTO "tupa" VALUES('2017-03-18 15:39:29',0,5403550330912768);
INSERT INTO "tupa" VALUES('2017-03-18 15:39:53',0,5403550330912768);
INSERT INTO "tupa" VALUES('2017-03-18 15:40:06',0,5403550330912768);
INSERT INTO "tupa" VALUES('2017-03-18 15:40:11',0,6515549978755072);
INSERT INTO "tupa" VALUES('2017-03-18 15:40:18',0,6515549978755072);
INSERT INTO "tupa" VALUES('2017-03-18 15:40:37',6001354749247488,6288168907177984);
INSERT INTO "tupa" VALUES('2017-03-18 15:40:56',6090984811134976,5654850209579008);
INSERT INTO "tupa" VALUES('2017-03-18 15:41:15',0,5403550330912768);
INSERT INTO "tupa" VALUES('2017-03-18 15:41:20',5357714439929856,5176295424000000);
INSERT INTO "tupa" VALUES('2017-03-18 15:41:37',0,6515549978755072);
INSERT INTO "tupa" VALUES('2017-03-18 15:41:41',5357714439929856,5176295424000000);
INSERT INTO "tupa" VALUES('2017-03-18 15:43:19',0,5403550330912768);
INSERT INTO "tupa" VALUES('2017-03-18 15:44:08',0,5403550330912768);
INSERT INTO "tupa" VALUES('2017-03-18 15:44:08',6358096477683712,5574962744131584);
INSERT INTO "tupa" VALUES('2017-03-18 15:44:09',4554615953555456,4718466942631936);
INSERT INTO "tupa" VALUES('2017-03-18 15:44:23',0,5156929819115520);
INSERT INTO "tupa" VALUES('2017-03-18 15:44:27',4554615953555456,4718466942631936);
INSERT INTO "tupa" VALUES('2017-03-18 15:44:29',5373375232868352,5389650071912448);
INSERT INTO "tupa" VALUES('2017-03-18 15:44:29',5445149236658176,5654850209579008);
INSERT INTO "tupa" VALUES('2017-03-18 15:45:34',0,6302195330842624);
INSERT INTO "tupa" VALUES('2017-03-18 15:45:49',0,6302195330842624);
INSERT INTO "tupa" VALUES('2017-03-18 15:46:03',5720036136189952,6302195330842624);
INSERT INTO "tupa" VALUES('2017-03-18 15:46:30',0,5156929819115520);
INSERT INTO "tupa" VALUES('2017-03-18 15:46:57',0,5156929819115520);
INSERT INTO "tupa" VALUES('2017-03-18 15:47:31',0,5403550330912768);
INSERT INTO "tupa" VALUES('2017-03-18 15:48:17',6471838888624128,4965084904292352);
INSERT INTO "tupa" VALUES('2017-03-18 15:48:30',0,5403550330912768);
INSERT INTO "tupa" VALUES('2017-03-18 15:48:44',0,5403550330912768);
INSERT INTO "tupa" VALUES('2017-03-18 15:49:04',6653934764556288,6288168907177984);
INSERT INTO "tupa" VALUES('2017-03-18 15:49:15',0,5403550330912768);
INSERT INTO "tupa" VALUES('2017-03-18 15:49:31',0,5403550330912768);
INSERT INTO "tupa" VALUES('2017-03-18 15:49:59',0,5403550330912768);
INSERT INTO "tupa" VALUES('2017-03-18 15:50:13',0,5403550330912768);
INSERT INTO "tupa" VALUES('2017-03-18 15:50:22',0,5403550330912768);
INSERT INTO "tupa" VALUES('2017-03-18 15:50:34',0,5403550330912768);
INSERT INTO "tupa" VALUES('2017-03-18 15:50:54',0,5403550330912768);
INSERT INTO "tupa" VALUES('2017-03-18 15:50:55',0,5403550330912768);
INSERT INTO "tupa" VALUES('2017-03-18 15:50:58',0,6700862650974208);
INSERT INTO "tupa" VALUES('2017-03-18 15:51:15',0,5403550330912768);
INSERT INTO "tupa" VALUES('2017-03-18 15:51:16',0,5403550330912768);
INSERT INTO "tupa" VALUES('2017-03-18 15:51:37',0,5403550330912768);
INSERT INTO "tupa" VALUES('2017-03-18 15:51:40',0,5403550330912768);
INSERT INTO "tupa" VALUES('2017-03-18 15:51:52',0,5403550330912768);
INSERT INTO "tupa" VALUES('2017-03-18 15:52:05',0,5403550330912768);
INSERT INTO "tupa" VALUES('2017-03-18 15:52:26',0,5403550330912768);
INSERT INTO "tupa" VALUES('2017-03-18 15:52:57',6090984811134976,4965084904292352);
INSERT INTO "tupa" VALUES('2017-03-18 15:53:01',0,5403550330912768);
INSERT INTO "tupa" VALUES('2017-03-18 15:53:04',0,6700862650974208);
INSERT INTO "tupa" VALUES('2017-03-18 15:53:29',4685962630135808,4882199283236864);
INSERT INTO "tupa" VALUES('2017-03-18 15:53:37',0,5403550330912768);
INSERT INTO "tupa" VALUES('2017-03-18 15:53:39',0,6700862650974208);
INSERT INTO "tupa" VALUES('2017-03-18 15:54:19',0,6700862650974208);
INSERT INTO "tupa" VALUES('2017-03-18 15:54:50',0,6700862650974208);
INSERT INTO "tupa" VALUES('2017-03-18 15:55:21',0,6700862650974208);
INSERT INTO "tupa" VALUES('2017-03-18 15:55:35',0,6700862650974208);
INSERT INTO "tupa" VALUES('2017-03-18 15:55:45',0,5403550330912768);
INSERT INTO "tupa" VALUES('2017-03-18 15:55:53',0,6700862650974208);
INSERT INTO "tupa" VALUES('2017-03-18 15:55:54',0,5403550330912768);
INSERT INTO "tupa" VALUES('2017-03-18 15:55:57',0,6700862650974208);
INSERT INTO "tupa" VALUES('2017-03-18 15:56:03',0,5403550330912768);
INSERT INTO "tupa" VALUES('2017-03-18 15:56:06',6358096477683712,6288168907177984);
INSERT INTO "tupa" VALUES('2017-03-18 15:56:13',0,5403550330912768);
INSERT INTO "tupa" VALUES('2017-03-18 15:56:19',0,5403550330912768);
INSERT INTO "tupa" VALUES('2017-03-18 15:56:28',0,6700862650974208);
INSERT INTO "tupa" VALUES('2017-03-18 15:56:29',5445149236658176,4965084904292352);
INSERT INTO "tupa" VALUES('2017-03-18 15:56:30',6038930612813824,5403550330912768);
INSERT INTO "tupa" VALUES('2017-03-18 15:56:37',0,5403550330912768);
INSERT INTO "tupa" VALUES('2017-03-18 15:56:37',0,6700862650974208);
INSERT INTO "tupa" VALUES('2017-03-18 15:56:44',0,6700862650974208);
INSERT INTO "tupa" VALUES('2017-03-18 15:56:57',6038930612813824,6700862650974208);
INSERT INTO "tupa" VALUES('2017-03-18 15:58:03',0,6016761333809152);
INSERT INTO "tupa" VALUES('2017-03-18 15:58:37',4763145205710848,6016761333809152);
INSERT INTO "tupa" VALUES('2017-03-18 15:59:20',5897428486062080,5156929819115520);
INSERT INTO "tupa" VALUES('2017-03-18 16:00:08',5232196570841088,4718466942631936);
INSERT INTO "tupa" VALUES('2017-03-18 16:00:23',5232196570841088,4718466942631936);
INSERT INTO "tupa" VALUES('2017-03-18 16:01:18',0,4965084904292352);
INSERT INTO "tupa" VALUES('2017-03-18 16:02:09',0,4965084904292352);
INSERT INTO "tupa" VALUES('2017-03-18 16:02:33',0,5654850209579008);
INSERT INTO "tupa" VALUES('2017-03-18 16:02:55',0,5389650071912448);
INSERT INTO "tupa" VALUES('2017-03-18 16:02:58',6460378439483392,4965084904292352);
INSERT INTO "tupa" VALUES('2017-03-18 16:03:14',0,5389650071912448);
INSERT INTO "tupa" VALUES('2017-03-18 16:03:43',0,5389650071912448);
INSERT INTO "tupa" VALUES('2017-03-18 16:04:10',0,5389650071912448);
INSERT INTO "tupa" VALUES('2017-03-18 16:04:27',4613241183404032,5654850209579008);
INSERT INTO "tupa" VALUES('2017-03-18 16:04:37',0,5389650071912448);
INSERT INTO "tupa" VALUES('2017-03-18 16:04:48',0,5176295424000000);
INSERT INTO "tupa" VALUES('2017-03-18 16:05:02',0,5389650071912448);
INSERT INTO "tupa" VALUES('2017-03-18 16:05:25',4928404407189504,5176295424000000);
INSERT INTO "tupa" VALUES('2017-03-18 16:05:26',0,5176295424000000);
INSERT INTO "tupa" VALUES('2017-03-18 16:05:43',0,5176295424000000);
INSERT INTO "tupa" VALUES('2017-03-18 16:05:47',0,5389650071912448);
INSERT INTO "tupa" VALUES('2017-03-18 16:05:56',4928404407189504,5176295424000000);
INSERT INTO "tupa" VALUES('2017-03-18 16:06:19',5844366849474560,6016761333809152);
INSERT INTO "tupa" VALUES('2017-03-18 16:06:41',0,5389650071912448);
INSERT INTO "tupa" VALUES('2017-03-18 16:07:19',0,6700862650974208);
INSERT INTO "tupa" VALUES('2017-03-18 16:07:29',6235743596838912,5403550330912768);
INSERT INTO "tupa" VALUES('2017-03-18 16:07:44',5739141090246656,4882199283236864);
INSERT INTO "tupa" VALUES('2017-03-18 16:07:47',6358096477683712,5461375488884736);
INSERT INTO "tupa" VALUES('2017-03-18 16:07:49',6235743596838912,6700862650974208);
INSERT INTO "tupa" VALUES('2017-03-18 16:09:36',4985069521338368,5156929819115520);
INSERT INTO "tupa" VALUES('2017-03-18 16:10:54',0,4965084904292352);
INSERT INTO "tupa" VALUES('2017-03-18 16:11:14',0,4965084904292352);
INSERT INTO "tupa" VALUES('2017-03-18 16:11:31',5680515860398080,4965084904292352);
INSERT INTO "tupa" VALUES('2017-03-18 16:11:54',4554615953555456,5403550330912768);
INSERT INTO "tupa" VALUES('2017-03-18 16:11:57',6358096477683712,6515549978755072);
INSERT INTO "tupa" VALUES('2017-03-18 16:12:01',4967437606846464,5389650071912448);
INSERT INTO "tupa" VALUES('2017-03-18 16:12:17',6358096477683712,6515549978755072);
INSERT INTO "tupa" VALUES('2017-03-18 16:12:41',4554615953555456,6700862650974208);
INSERT INTO "tupa" VALUES('2017-03-18 16:13:31',6202139370061824,4718466942631936);
INSERT INTO "tupa" VALUES('2017-03-18 16:13:32',6202139370061824,4718466942631936);
INSERT INTO "tupa" VALUES('2017-03-18 16:14:38',0,6302195330842624);
INSERT INTO "tupa" VALUES('2017-03-18 16:15:45',0,6302195330842624);
INSERT INTO "tupa" VALUES('2017-03-18 16:15:45',4669246617419776,6302195330842624);
INSERT INTO "tupa" VALUES('2017-03-18 16:18:23',4828368713285632,5156929819115520);
INSERT INTO "tupa" VALUES('2017-03-18 16:18:36',6190363911913472,5176295424000000);
INSERT INTO "tupa" VALUES('2017-03-18 16:18:38',6190363911913472,5176295424000000);
INSERT INTO "tupa" VALUES('2017-03-18 16:18:53',5091900256157696,4965084904292352);
INSERT INTO "tupa" VALUES('2017-03-18 16:22:30',4750123938611200,4718466942631936);
INSERT INTO "tupa" VALUES('2017-03-18 16:22:36',4750123938611200,4718466942631936);
INSERT INTO "tupa" VALUES('2017-03-18 16:24:56',5232196570841088,5403550330912768);
INSERT INTO "tupa" VALUES('2017-03-18 16:26:46',5373375232868352,5453811380387840);
INSERT INTO "tupa" VALUES('2017-03-18 16:27:11',0,5389650071912448);
INSERT INTO "tupa" VALUES('2017-03-18 16:27:28',0,5389650071912448);
INSERT INTO "tupa" VALUES('2017-03-18 16:27:31',0,5156929819115520);
INSERT INTO "tupa" VALUES('2017-03-18 16:27:35',4875454842404864,4718466942631936);
INSERT INTO "tupa" VALUES('2017-03-18 16:27:49',4810425279447040,5389650071912448);
INSERT INTO "tupa" VALUES('2017-03-18 16:28:04',4771528579219456,5156929819115520);
INSERT INTO "tupa" VALUES('2017-03-18 16:28:56',5232196570841088,6700862650974208);
INSERT INTO "tupa" VALUES('2017-03-18 16:29:04',0,6016761333809152);
INSERT INTO "tupa" VALUES('2017-03-18 16:29:16',6374812490399744,4882199283236864);
INSERT INTO "tupa" VALUES('2017-03-18 16:29:50',6217800163000320,6016761333809152);
INSERT INTO "tupa" VALUES('2017-03-18 16:32:47',0,5176295424000000);
INSERT INTO "tupa" VALUES('2017-03-18 16:33:01',0,5176295424000000);
INSERT INTO "tupa" VALUES('2017-03-18 16:34:35',6460378439483392,5654850209579008);
INSERT INTO "tupa" VALUES('2017-03-18 16:39:54',5920664393351168,6016761333809152);
INSERT INTO "tupa" VALUES('2017-03-18 16:40:19',5627413958492160,4718466942631936);
INSERT INTO "tupa" VALUES('2017-03-18 16:40:25',5627413958492160,4718466942631936);
INSERT INTO "tupa" VALUES('2017-03-18 16:41:41',0,6700862650974208);
INSERT INTO "tupa" VALUES('2017-03-18 16:41:46',6202139370061824,5403550330912768);
INSERT INTO "tupa" VALUES('2017-03-18 16:42:05',5680515860398080,5654850209579008);
INSERT INTO "tupa" VALUES('2017-03-18 16:42:09',0,6700862650974208);
INSERT INTO "tupa" VALUES('2017-03-18 16:42:31',0,6700862650974208);
INSERT INTO "tupa" VALUES('2017-03-18 16:42:55',0,6700862650974208);
INSERT INTO "tupa" VALUES('2017-03-18 16:43:11',6020720354131968,4882199283236864);
INSERT INTO "tupa" VALUES('2017-03-18 16:43:39',0,6700862650974208);
INSERT INTO "tupa" VALUES('2017-03-18 16:43:41',0,6700862650974208);
INSERT INTO "tupa" VALUES('2017-03-18 16:44:06',0,6700862650974208);
INSERT INTO "tupa" VALUES('2017-03-18 16:44:10',0,6700862650974208);
INSERT INTO "tupa" VALUES('2017-03-18 16:44:26',6529450237755392,6302195330842624);
INSERT INTO "tupa" VALUES('2017-03-18 16:44:29',0,6700862650974208);
INSERT INTO "tupa" VALUES('2017-03-18 16:44:45',0,6700862650974208);
INSERT INTO "tupa" VALUES('2017-03-18 16:44:53',0,6700862650974208);
INSERT INTO "tupa" VALUES('2017-03-18 16:45:02',4854848931495936,5453811380387840);
INSERT INTO "tupa" VALUES('2017-03-18 16:45:03',0,6700862650974208);
INSERT INTO "tupa" VALUES('2017-03-18 16:45:04',0,6700862650974208);
INSERT INTO "tupa" VALUES('2017-03-18 16:45:15',0,6700862650974208);
INSERT INTO "tupa" VALUES('2017-03-18 16:45:23',0,5176295424000000);
INSERT INTO "tupa" VALUES('2017-03-18 16:45:25',6029782600908800,6700862650974208);
INSERT INTO "tupa" VALUES('2017-03-18 16:47:19',5266544498049024,5176295424000000);
INSERT INTO "tupa" VALUES('2017-03-18 16:47:22',5266544498049024,5176295424000000);
INSERT INTO "tupa" VALUES('2017-03-18 16:47:31',5091900256157696,5654850209579008);
INSERT INTO "tupa" VALUES('2017-03-18 16:47:40',5876922701578240,4965084904292352);
INSERT INTO "tupa" VALUES('2017-03-18 16:47:45',6020720354131968,6016761333809152);
INSERT INTO "tupa" VALUES('2017-03-18 16:49:01',4750123938611200,5156929819115520);
INSERT INTO "tupa" VALUES('2017-03-18 16:51:11',0,5453811380387840);
INSERT INTO "tupa" VALUES('2017-03-18 16:51:28',0,5453811380387840);
INSERT INTO "tupa" VALUES('2017-03-18 16:52:44',0,5453811380387840);
INSERT INTO "tupa" VALUES('2017-03-18 16:53:20',0,5453811380387840);
INSERT INTO "tupa" VALUES('2017-03-18 16:53:26',6202139370061824,6700862650974208);
INSERT INTO "tupa" VALUES('2017-03-18 16:53:33',0,5453811380387840);
INSERT INTO "tupa" VALUES('2017-03-18 16:53:45',0,5453811380387840);
INSERT INTO "tupa" VALUES('2017-03-18 16:53:55',0,5654850209579008);
INSERT INTO "tupa" VALUES('2017-03-18 16:54:06',0,5453811380387840);
INSERT INTO "tupa" VALUES('2017-03-18 16:54:36',0,5453811380387840);
INSERT INTO "tupa" VALUES('2017-03-18 16:54:52',0,5453811380387840);
INSERT INTO "tupa" VALUES('2017-03-18 16:54:55',6374812490399744,6016761333809152);
INSERT INTO "tupa" VALUES('2017-03-18 16:55:07',0,5453811380387840);
INSERT INTO "tupa" VALUES('2017-03-18 16:55:14',6471838888624128,5654850209579008);
INSERT INTO "tupa" VALUES('2017-03-18 16:55:21',0,5453811380387840);
INSERT INTO "tupa" VALUES('2017-03-18 16:55:34',0,5453811380387840);
INSERT INTO "tupa" VALUES('2017-03-18 16:55:46',0,5453811380387840);
INSERT INTO "tupa" VALUES('2017-03-18 16:56:01',0,5403550330912768);
INSERT INTO "tupa" VALUES('2017-03-18 16:56:23',6601115927838720,5403550330912768);
INSERT INTO "tupa" VALUES('2017-03-18 16:56:32',0,5453811380387840);
INSERT INTO "tupa" VALUES('2017-03-18 16:56:45',0,5453811380387840);
INSERT INTO "tupa" VALUES('2017-03-18 16:57:01',0,5453811380387840);
INSERT INTO "tupa" VALUES('2017-03-18 16:57:19',0,5453811380387840);
INSERT INTO "tupa" VALUES('2017-03-18 16:57:35',0,5453811380387840);
INSERT INTO "tupa" VALUES('2017-03-18 16:57:40',5373190012403712,6302195330842624);
INSERT INTO "tupa" VALUES('2017-03-18 16:57:44',6601115927838720,5156929819115520);
INSERT INTO "tupa" VALUES('2017-03-18 16:58:00',0,5453811380387840);
INSERT INTO "tupa" VALUES('2017-03-18 16:58:02',4771528579219456,4718466942631936);
INSERT INTO "tupa" VALUES('2017-03-18 16:58:08',4771528579219456,4718466942631936);
INSERT INTO "tupa" VALUES('2017-03-18 16:58:12',0,5453811380387840);
INSERT INTO "tupa" VALUES('2017-03-18 16:58:24',0,5453811380387840);
INSERT INTO "tupa" VALUES('2017-03-18 16:58:37',0,5453811380387840);
INSERT INTO "tupa" VALUES('2017-03-18 16:58:43',5920664393351168,4882199283236864);
INSERT INTO "tupa" VALUES('2017-03-18 16:59:43',0,5453811380387840);
INSERT INTO "tupa" VALUES('2017-03-18 17:00:09',4763145205710848,5176295424000000);
INSERT INTO "tupa" VALUES('2017-03-18 17:00:13',6305800419016704,5654850209579008);
INSERT INTO "tupa" VALUES('2017-03-18 17:00:25',4763145205710848,5176295424000000);
INSERT INTO "tupa" VALUES('2017-03-18 17:00:46',0,5453811380387840);
INSERT INTO "tupa" VALUES('2017-03-18 17:01:00',0,5453811380387840);
INSERT INTO "tupa" VALUES('2017-03-18 17:01:12',0,5453811380387840);
INSERT INTO "tupa" VALUES('2017-03-18 17:01:30',0,5453811380387840);
INSERT INTO "tupa" VALUES('2017-03-18 17:02:06',0,5453811380387840);
INSERT INTO "tupa" VALUES('2017-03-18 17:02:06',0,6700862650974208);
INSERT INTO "tupa" VALUES('2017-03-18 17:02:30',0,5453811380387840);
INSERT INTO "tupa" VALUES('2017-03-18 17:02:30',0,6700862650974208);
INSERT INTO "tupa" VALUES('2017-03-18 17:02:42',0,5453811380387840);
INSERT INTO "tupa" VALUES('2017-03-18 17:02:53',0,6700862650974208);
INSERT INTO "tupa" VALUES('2017-03-18 17:02:57',0,5453811380387840);
INSERT INTO "tupa" VALUES('2017-03-18 17:03:17',0,6700862650974208);
INSERT INTO "tupa" VALUES('2017-03-18 17:03:48',0,6700862650974208);
INSERT INTO "tupa" VALUES('2017-03-18 17:04:10',0,6700862650974208);
INSERT INTO "tupa" VALUES('2017-03-18 17:04:34',0,6700862650974208);
INSERT INTO "tupa" VALUES('2017-03-18 17:04:53',0,4965084904292352);
INSERT INTO "tupa" VALUES('2017-03-18 17:05:04',5739141090246656,6016761333809152);
INSERT INTO "tupa" VALUES('2017-03-18 17:05:07',0,6700862650974208);
INSERT INTO "tupa" VALUES('2017-03-18 17:05:23',0,5403550330912768);
INSERT INTO "tupa" VALUES('2017-03-18 17:05:29',5313972748156928,5654850209579008);
INSERT INTO "tupa" VALUES('2017-03-18 17:05:40',0,5453811380387840);
INSERT INTO "tupa" VALUES('2017-03-18 17:05:49',0,5403550330912768);
INSERT INTO "tupa" VALUES('2017-03-18 17:05:50',0,6700862650974208);
INSERT INTO "tupa" VALUES('2017-03-18 17:05:57',0,6700862650974208);
INSERT INTO "tupa" VALUES('2017-03-18 17:06:02',0,5453811380387840);
INSERT INTO "tupa" VALUES('2017-03-18 17:06:02',0,6700862650974208);
INSERT INTO "tupa" VALUES('2017-03-18 17:06:13',0,5403550330912768);
INSERT INTO "tupa" VALUES('2017-03-18 17:06:20',0,6700862650974208);
INSERT INTO "tupa" VALUES('2017-03-18 17:06:24',0,5453811380387840);
INSERT INTO "tupa" VALUES('2017-03-18 17:06:26',0,5453811380387840);
INSERT INTO "tupa" VALUES('2017-03-18 17:06:30',0,5403550330912768);
INSERT INTO "tupa" VALUES('2017-03-18 17:06:32',0,6700862650974208);
INSERT INTO "tupa" VALUES('2017-03-18 17:06:37',0,5453811380387840);
INSERT INTO "tupa" VALUES('2017-03-18 17:06:41',4750123938611200,5403550330912768);
INSERT INTO "tupa" VALUES('2017-03-18 17:06:48',0,6700862650974208);
INSERT INTO "tupa" VALUES('2017-03-18 17:06:52',0,5453811380387840);
INSERT INTO "tupa" VALUES('2017-03-18 17:06:55',0,5453811380387840);
INSERT INTO "tupa" VALUES('2017-03-18 17:06:59',5373375232868352,4965084904292352);
INSERT INTO "tupa" VALUES('2017-03-18 17:07:04',0,5453811380387840);
INSERT INTO "tupa" VALUES('2017-03-18 17:07:07',5811862536978432,6700862650974208);
INSERT INTO "tupa" VALUES('2017-03-18 17:07:12',0,6700862650974208);
INSERT INTO "tupa" VALUES('2017-03-18 17:07:14',0,5453811380387840);
INSERT INTO "tupa" VALUES('2017-03-18 17:07:27',0,5453811380387840);
INSERT INTO "tupa" VALUES('2017-03-18 17:07:39',0,5453811380387840);
INSERT INTO "tupa" VALUES('2017-03-18 17:07:47',0,5453811380387840);
INSERT INTO "tupa" VALUES('2017-03-18 17:07:54',0,5453811380387840);
INSERT INTO "tupa" VALUES('2017-03-18 17:08:04',0,5453811380387840);
INSERT INTO "tupa" VALUES('2017-03-18 17:08:05',0,5453811380387840);
INSERT INTO "tupa" VALUES('2017-03-18 17:08:18',0,5453811380387840);
INSERT INTO "tupa" VALUES('2017-03-18 17:08:28',0,5453811380387840);
INSERT INTO "tupa" VALUES('2017-03-18 17:09:01',0,5453811380387840);
INSERT INTO "tupa" VALUES('2017-03-18 17:09:02',0,4718466942631936);
INSERT INTO "tupa" VALUES('2017-03-18 17:09:08',0,5453811380387840);
INSERT INTO "tupa" VALUES('2017-03-18 17:09:12',0,4718466942631936);
INSERT INTO "tupa" VALUES('2017-03-18 17:09:14',0,5453811380387840);
INSERT INTO "tupa" VALUES('2017-03-18 17:09:26',4854848931495936,5156929819115520);
INSERT INTO "tupa" VALUES('2017-03-18 17:09:27',0,5453811380387840);
INSERT INTO "tupa" VALUES('2017-03-18 17:09:37',0,4718466942631936);
INSERT INTO "tupa" VALUES('2017-03-18 17:09:41',0,5453811380387840);
INSERT INTO "tupa" VALUES('2017-03-18 17:09:41',4828368713285632,4718466942631936);
INSERT INTO "tupa" VALUES('2017-03-18 17:09:50',0,5453811380387840);
INSERT INTO "tupa" VALUES('2017-03-18 17:09:53',0,5453811380387840);
INSERT INTO "tupa" VALUES('2017-03-18 17:10:23',0,5453811380387840);
INSERT INTO "tupa" VALUES('2017-03-18 17:10:28',0,5453811380387840);
INSERT INTO "tupa" VALUES('2017-03-18 17:10:43',0,5453811380387840);
INSERT INTO "tupa" VALUES('2017-03-18 17:10:51',0,5453811380387840);
INSERT INTO "tupa" VALUES('2017-03-18 17:10:57',0,5453811380387840);
INSERT INTO "tupa" VALUES('2017-03-18 17:11:07',0,5453811380387840);
INSERT INTO "tupa" VALUES('2017-03-18 17:11:08',0,5453811380387840);
INSERT INTO "tupa" VALUES('2017-03-18 17:11:18',0,5453811380387840);
INSERT INTO "tupa" VALUES('2017-03-18 17:11:52',0,5453811380387840);
INSERT INTO "tupa" VALUES('2017-03-18 17:11:52',0,6302195330842624);
INSERT INTO "tupa" VALUES('2017-03-18 17:11:53',0,5176295424000000);
INSERT INTO "tupa" VALUES('2017-03-18 17:12:02',0,5453811380387840);
INSERT INTO "tupa" VALUES('2017-03-18 17:12:14',0,5453811380387840);
INSERT INTO "tupa" VALUES('2017-03-18 17:12:25',0,5453811380387840);
INSERT INTO "tupa" VALUES('2017-03-18 17:12:37',0,5453811380387840);
INSERT INTO "tupa" VALUES('2017-03-18 17:12:43',5844366849474560,5176295424000000);
INSERT INTO "tupa" VALUES('2017-03-18 17:12:47',0,5453811380387840);
INSERT INTO "tupa" VALUES('2017-03-18 17:12:48',0,5453811380387840);
INSERT INTO "tupa" VALUES('2017-03-18 17:12:52',5844366849474560,5176295424000000);
INSERT INTO "tupa" VALUES('2017-03-18 17:12:56',0,6302195330842624);
INSERT INTO "tupa" VALUES('2017-03-18 17:12:58',0,5453811380387840);
INSERT INTO "tupa" VALUES('2017-03-18 17:13:17',0,5453811380387840);
INSERT INTO "tupa" VALUES('2017-03-18 17:13:21',0,5453811380387840);
INSERT INTO "tupa" VALUES('2017-03-18 17:13:22',0,5403550330912768);
INSERT INTO "tupa" VALUES('2017-03-18 17:13:30',0,5453811380387840);
INSERT INTO "tupa" VALUES('2017-03-18 17:13:32',0,5403550330912768);
INSERT INTO "tupa" VALUES('2017-03-18 17:13:34',0,5453811380387840);
INSERT INTO "tupa" VALUES('2017-03-18 17:13:35',0,6302195330842624);
INSERT INTO "tupa" VALUES('2017-03-18 17:13:47',0,5403550330912768);
INSERT INTO "tupa" VALUES('2017-03-18 17:13:51',0,5403550330912768);
INSERT INTO "tupa" VALUES('2017-03-18 17:13:53',0,5453811380387840);
INSERT INTO "tupa" VALUES('2017-03-18 17:14:03',0,5453811380387840);
INSERT INTO "tupa" VALUES('2017-03-18 17:14:04',0,5403550330912768);
INSERT INTO "tupa" VALUES('2017-03-18 17:14:06',0,5453811380387840);
INSERT INTO "tupa" VALUES('2017-03-18 17:14:08',0,5403550330912768);
INSERT INTO "tupa" VALUES('2017-03-18 17:14:17',0,5453811380387840);
INSERT INTO "tupa" VALUES('2017-03-18 17:14:27',0,6302195330842624);
INSERT INTO "tupa" VALUES('2017-03-18 17:14:29',0,5403550330912768);
INSERT INTO "tupa" VALUES('2017-03-18 17:14:30',0,5403550330912768);
INSERT INTO "tupa" VALUES('2017-03-18 17:14:37',0,5453811380387840);
INSERT INTO "tupa" VALUES('2017-03-18 17:14:40',0,5156929819115520);
INSERT INTO "tupa" VALUES('2017-03-18 17:14:48',0,5403550330912768);
INSERT INTO "tupa" VALUES('2017-03-18 17:14:49',0,5453811380387840);
INSERT INTO "tupa" VALUES('2017-03-18 17:14:51',0,5403550330912768);
INSERT INTO "tupa" VALUES('2017-03-18 17:14:55',0,5453811380387840);
INSERT INTO "tupa" VALUES('2017-03-18 17:15:09',5811862536978432,5403550330912768);
INSERT INTO "tupa" VALUES('2017-03-18 17:15:10',0,5403550330912768);
INSERT INTO "tupa" VALUES('2017-03-18 17:15:13',0,5453811380387840);
INSERT INTO "tupa" VALUES('2017-03-18 17:15:18',5844366849474560,4882199283236864);
INSERT INTO "tupa" VALUES('2017-03-18 17:15:21',0,5156929819115520);
INSERT INTO "tupa" VALUES('2017-03-18 17:15:23',0,5453811380387840);
INSERT INTO "tupa" VALUES('2017-03-18 17:15:30',0,5453811380387840);
INSERT INTO "tupa" VALUES('2017-03-18 17:15:34',0,5453811380387840);
INSERT INTO "tupa" VALUES('2017-03-18 17:15:34',0,6302195330842624);
INSERT INTO "tupa" VALUES('2017-03-18 17:15:44',0,5453811380387840);
INSERT INTO "tupa" VALUES('2017-03-18 17:15:46',0,6302195330842624);
INSERT INTO "tupa" VALUES('2017-03-18 17:15:47',0,5156929819115520);
INSERT INTO "tupa" VALUES('2017-03-18 17:15:52',0,5156929819115520);
INSERT INTO "tupa" VALUES('2017-03-18 17:15:55',0,5453811380387840);
INSERT INTO "tupa" VALUES('2017-03-18 17:15:57',0,5453811380387840);
INSERT INTO "tupa" VALUES('2017-03-18 17:16:02',0,5156929819115520);
INSERT INTO "tupa" VALUES('2017-03-18 17:16:03',0,6302195330842624);
INSERT INTO "tupa" VALUES('2017-03-18 17:16:10',0,5453811380387840);
INSERT INTO "tupa" VALUES('2017-03-18 17:16:11',0,5453811380387840);
INSERT INTO "tupa" VALUES('2017-03-18 17:16:11',4810425279447040,4965084904292352);
INSERT INTO "tupa" VALUES('2017-03-18 17:16:15',0,5156929819115520);
INSERT INTO "tupa" VALUES('2017-03-18 17:16:17',0,6302195330842624);
INSERT INTO "tupa" VALUES('2017-03-18 17:16:18',0,5156929819115520);
INSERT INTO "tupa" VALUES('2017-03-18 17:16:21',0,5453811380387840);
INSERT INTO "tupa" VALUES('2017-03-18 17:16:30',0,5156929819115520);
INSERT INTO "tupa" VALUES('2017-03-18 17:16:30',0,6302195330842624);
INSERT INTO "tupa" VALUES('2017-03-18 17:16:37',0,5453811380387840);
INSERT INTO "tupa" VALUES('2017-03-18 17:16:44',0,5156929819115520);
INSERT INTO "tupa" VALUES('2017-03-18 17:16:44',0,5453811380387840);
INSERT INTO "tupa" VALUES('2017-03-18 17:16:47',0,5156929819115520);
INSERT INTO "tupa" VALUES('2017-03-18 17:16:47',0,6302195330842624);
INSERT INTO "tupa" VALUES('2017-03-18 17:16:52',0,5453811380387840);
INSERT INTO "tupa" VALUES('2017-03-18 17:16:55',6038930612813824,6302195330842624);
INSERT INTO "tupa" VALUES('2017-03-18 17:16:58',0,5156929819115520);
INSERT INTO "tupa" VALUES('2017-03-18 17:16:59',0,5453811380387840);
INSERT INTO "tupa" VALUES('2017-03-18 17:17:02',0,5453811380387840);
INSERT INTO "tupa" VALUES('2017-03-18 17:17:13',0,5453811380387840);
INSERT INTO "tupa" VALUES('2017-03-18 17:17:14',0,5156929819115520);
INSERT INTO "tupa" VALUES('2017-03-18 17:17:21',0,5156929819115520);
INSERT INTO "tupa" VALUES('2017-03-18 17:17:30',0,5156929819115520);
INSERT INTO "tupa" VALUES('2017-03-18 17:17:41',0,5453811380387840);
INSERT INTO "tupa" VALUES('2017-03-18 17:17:49',0,5156929819115520);
INSERT INTO "tupa" VALUES('2017-03-18 17:18:00',0,5156929819115520);
INSERT INTO "tupa" VALUES('2017-03-18 17:18:03',0,5453811380387840);
INSERT INTO "tupa" VALUES('2017-03-18 17:18:04',0,5156929819115520);
INSERT INTO "tupa" VALUES('2017-03-18 17:18:17',0,5453811380387840);
INSERT INTO "tupa" VALUES('2017-03-18 17:18:19',5876922701578240,5654850209579008);
INSERT INTO "tupa" VALUES('2017-03-18 17:18:22',0,5156929819115520);
INSERT INTO "tupa" VALUES('2017-03-18 17:18:34',0,5453811380387840);
INSERT INTO "tupa" VALUES('2017-03-18 17:18:50',0,5453811380387840);
INSERT INTO "tupa" VALUES('2017-03-18 17:19:08',0,5453811380387840);
INSERT INTO "tupa" VALUES('2017-03-18 17:19:24',0,5453811380387840);
INSERT INTO "tupa" VALUES('2017-03-18 17:19:42',0,5453811380387840);
INSERT INTO "tupa" VALUES('2017-03-18 17:20:01',0,5453811380387840);
INSERT INTO "tupa" VALUES('2017-03-18 17:20:14',0,5453811380387840);
INSERT INTO "tupa" VALUES('2017-03-18 17:20:28',0,5453811380387840);
INSERT INTO "tupa" VALUES('2017-03-18 17:20:54',0,5453811380387840);
INSERT INTO "tupa" VALUES('2017-03-18 17:21:13',0,5453811380387840);
INSERT INTO "tupa" VALUES('2017-03-18 17:21:19',6029782600908800,5453811380387840);
INSERT INTO "tupa" VALUES('2017-03-18 17:21:37',4554615953555456,5156929819115520);
INSERT INTO "tupa" VALUES('2017-03-18 17:24:15',0,6016761333809152);
INSERT INTO "tupa" VALUES('2017-03-18 17:24:45',0,6016761333809152);
INSERT INTO "tupa" VALUES('2017-03-18 17:24:48',0,6302195330842624);
INSERT INTO "tupa" VALUES('2017-03-18 17:25:03',6235743596838912,5156929819115520);
INSERT INTO "tupa" VALUES('2017-03-18 17:25:27',0,6302195330842624);
INSERT INTO "tupa" VALUES('2017-03-18 17:25:36',0,6016761333809152);
INSERT INTO "tupa" VALUES('2017-03-18 17:25:42',4763145205710848,4882199283236864);
INSERT INTO "tupa" VALUES('2017-03-18 17:25:58',0,6302195330842624);
INSERT INTO "tupa" VALUES('2017-03-18 17:27:02',0,6016761333809152);
INSERT INTO "tupa" VALUES('2017-03-18 17:27:10',5064464005070848,6302195330842624);
INSERT INTO "tupa" VALUES('2017-03-18 17:28:11',0,6016761333809152);
INSERT INTO "tupa" VALUES('2017-03-18 17:29:39',5557775895625728,5654850209579008);
INSERT INTO "tupa" VALUES('2017-03-18 17:30:27',0,6016761333809152);
INSERT INTO "tupa" VALUES('2017-03-18 17:30:36',4828368713285632,5403550330912768);
INSERT INTO "tupa" VALUES('2017-03-18 17:31:00',5102749880418304,4718466942631936);
INSERT INTO "tupa" VALUES('2017-03-18 17:31:05',0,5176295424000000);
INSERT INTO "tupa" VALUES('2017-03-18 17:31:13',5102749880418304,4718466942631936);
INSERT INTO "tupa" VALUES('2017-03-18 17:31:20',4967437606846464,4965084904292352);
INSERT INTO "tupa" VALUES('2017-03-18 17:32:21',0,6016761333809152);
INSERT INTO "tupa" VALUES('2017-03-18 17:33:15',0,6016761333809152);
INSERT INTO "tupa" VALUES('2017-03-18 17:34:11',5920664393351168,5176295424000000);
INSERT INTO "tupa" VALUES('2017-03-18 17:34:20',5920664393351168,5176295424000000);
INSERT INTO "tupa" VALUES('2017-03-18 17:34:23',0,6016761333809152);
INSERT INTO "tupa" VALUES('2017-03-18 17:35:35',4828368713285632,6700862650974208);
INSERT INTO "tupa" VALUES('2017-03-18 17:36:47',0,5453811380387840);
INSERT INTO "tupa" VALUES('2017-03-18 17:37:03',0,5453811380387840);
INSERT INTO "tupa" VALUES('2017-03-18 17:37:06',0,5156929819115520);
INSERT INTO "tupa" VALUES('2017-03-18 17:37:20',0,5453811380387840);
INSERT INTO "tupa" VALUES('2017-03-18 17:37:40',5313972748156928,5156929819115520);
INSERT INTO "tupa" VALUES('2017-03-18 17:37:40',6202139370061824,5453811380387840);
INSERT INTO "tupa" VALUES('2017-03-18 17:39:42',0,4718466942631936);
INSERT INTO "tupa" VALUES('2017-03-18 17:39:58',0,6016761333809152);
INSERT INTO "tupa" VALUES('2017-03-18 17:40:20',0,6016761333809152);
INSERT INTO "tupa" VALUES('2017-03-18 17:40:28',0,4718466942631936);
INSERT INTO "tupa" VALUES('2017-03-18 17:40:33',0,6016761333809152);
INSERT INTO "tupa" VALUES('2017-03-18 17:40:42',5248912583557120,4718466942631936);
INSERT INTO "tupa" VALUES('2017-03-18 17:40:43',0,4718466942631936);
INSERT INTO "tupa" VALUES('2017-03-18 17:40:56',5248912583557120,4718466942631936);
INSERT INTO "tupa" VALUES('2017-03-18 17:40:59',0,6016761333809152);
INSERT INTO "tupa" VALUES('2017-03-18 17:41:28',0,6016761333809152);
INSERT INTO "tupa" VALUES('2017-03-18 17:42:17',0,6302195330842624);
INSERT INTO "tupa" VALUES('2017-03-18 17:42:42',6305800419016704,5156929819115520);
INSERT INTO "tupa" VALUES('2017-03-18 17:42:52',0,6016761333809152);
INSERT INTO "tupa" VALUES('2017-03-18 17:42:56',0,6302195330842624);
INSERT INTO "tupa" VALUES('2017-03-18 17:43:04',0,6016761333809152);
INSERT INTO "tupa" VALUES('2017-03-18 17:43:16',0,6302195330842624);
INSERT INTO "tupa" VALUES('2017-03-18 17:44:29',0,6302195330842624);
INSERT INTO "tupa" VALUES('2017-03-18 17:44:46',6090984811134976,6302195330842624);
INSERT INTO "tupa" VALUES('2017-03-18 17:46:23',4928404407189504,4882199283236864);
INSERT INTO "tupa" VALUES('2017-03-18 17:46:52',6653934764556288,5389650071912448);
INSERT INTO "tupa" VALUES('2017-03-18 17:47:48',5064464005070848,5156929819115520);
INSERT INTO "tupa" VALUES('2017-03-18 17:48:22',6228649787260928,5654850209579008);
INSERT INTO "tupa" VALUES('2017-03-18 17:50:21',4928404407189504,4718466942631936);
INSERT INTO "tupa" VALUES('2017-03-18 17:50:36',4928404407189504,4718466942631936);
INSERT INTO "tupa" VALUES('2017-03-18 17:50:37',0,5176295424000000);
INSERT INTO "tupa" VALUES('2017-03-18 17:51:46',6090984811134976,5156929819115520);
INSERT INTO "tupa" VALUES('2017-03-18 17:52:14',6020720354131968,5176295424000000);
INSERT INTO "tupa" VALUES('2017-03-18 17:52:18',6020720354131968,5176295424000000);
INSERT INTO "tupa" VALUES('2017-03-18 17:53:21',0,5403550330912768);
INSERT INTO "tupa" VALUES('2017-03-18 17:53:47',0,5403550330912768);
INSERT INTO "tupa" VALUES('2017-03-18 17:54:05',4750123938611200,5453811380387840);
INSERT INTO "tupa" VALUES('2017-03-18 17:54:13',6601115927838720,4965084904292352);
INSERT INTO "tupa" VALUES('2017-03-18 17:54:17',0,5403550330912768);
INSERT INTO "tupa" VALUES('2017-03-18 17:54:32',5102749880418304,5403550330912768);
INSERT INTO "tupa" VALUES('2017-03-18 17:54:47',5445149236658176,5156929819115520);
INSERT INTO "tupa" VALUES('2017-03-18 17:55:49',5445149236658176,6302195330842624);
INSERT INTO "tupa" VALUES('2017-03-18 17:56:49',5209879383900160,5389650071912448);
INSERT INTO "tupa" VALUES('2017-03-18 17:57:08',0,6016761333809152);
INSERT INTO "tupa" VALUES('2017-03-18 17:57:19',0,6016761333809152);
INSERT INTO "tupa" VALUES('2017-03-18 17:58:23',0,6016761333809152);
INSERT INTO "tupa" VALUES('2017-03-18 17:59:08',6460378439483392,5156929819115520);
INSERT INTO "tupa" VALUES('2017-03-18 18:00:02',0,6016761333809152);
INSERT INTO "tupa" VALUES('2017-03-18 18:00:31',0,6016761333809152);
INSERT INTO "tupa" VALUES('2017-03-18 18:00:41',0,6700862650974208);
INSERT INTO "tupa" VALUES('2017-03-18 18:01:17',4875454842404864,5453811380387840);
INSERT INTO "tupa" VALUES('2017-03-18 18:01:23',4642982221316096,6016761333809152);
INSERT INTO "tupa" VALUES('2017-03-18 18:01:48',6592732554330112,6700862650974208);
INSERT INTO "tupa" VALUES('2017-03-18 18:02:30',0,6302195330842624);
INSERT INTO "tupa" VALUES('2017-03-18 18:02:34',4763145205710848,4718466942631936);
INSERT INTO "tupa" VALUES('2017-03-18 18:02:37',4763145205710848,4718466942631936);
INSERT INTO "tupa" VALUES('2017-03-18 18:02:38',5445149236658176,6302195330842624);
INSERT INTO "tupa" VALUES('2017-03-18 18:03:05',0,6302195330842624);
INSERT INTO "tupa" VALUES('2017-03-18 18:03:38',6460378439483392,6302195330842624);
INSERT INTO "tupa" VALUES('2017-03-18 18:05:58',6471838888624128,5156929819115520);
INSERT INTO "tupa" VALUES('2017-03-18 18:06:05',0,5403550330912768);
INSERT INTO "tupa" VALUES('2017-03-18 18:07:21',0,5403550330912768);
INSERT INTO "tupa" VALUES('2017-03-18 18:07:37',5357714439929856,4882199283236864);
INSERT INTO "tupa" VALUES('2017-03-18 18:07:42',0,5403550330912768);
INSERT INTO "tupa" VALUES('2017-03-18 18:07:52',0,5403550330912768);
INSERT INTO "tupa" VALUES('2017-03-18 18:08:07',0,5403550330912768);
INSERT INTO "tupa" VALUES('2017-03-18 18:08:29',0,5403550330912768);
INSERT INTO "tupa" VALUES('2017-03-18 18:08:30',0,5403550330912768);
INSERT INTO "tupa" VALUES('2017-03-18 18:08:44',6439872654999552,5389650071912448);
INSERT INTO "tupa" VALUES('2017-03-18 18:08:49',0,5403550330912768);
INSERT INTO "tupa" VALUES('2017-03-18 18:08:52',0,5654850209579008);
INSERT INTO "tupa" VALUES('2017-03-18 18:08:59',0,5403550330912768);
INSERT INTO "tupa" VALUES('2017-03-18 18:09:17',0,5403550330912768);
INSERT INTO "tupa" VALUES('2017-03-18 18:09:29',0,5403550330912768);
INSERT INTO "tupa" VALUES('2017-03-18 18:09:38',0,5403550330912768);
INSERT INTO "tupa" VALUES('2017-03-18 18:09:59',5844366849474560,4718466942631936);
INSERT INTO "tupa" VALUES('2017-03-18 18:10:02',5844366849474560,4718466942631936);
INSERT INTO "tupa" VALUES('2017-03-18 18:10:12',0,5403550330912768);
INSERT INTO "tupa" VALUES('2017-03-18 18:10:27',0,5403550330912768);
INSERT INTO "tupa" VALUES('2017-03-18 18:10:36',5417798884917248,5654850209579008);
INSERT INTO "tupa" VALUES('2017-03-18 18:10:57',0,6302195330842624);
INSERT INTO "tupa" VALUES('2017-03-18 18:11:04',5680515860398080,6302195330842624);
INSERT INTO "tupa" VALUES('2017-03-18 18:11:27',0,5403550330912768);
INSERT INTO "tupa" VALUES('2017-03-18 18:11:51',0,5403550330912768);
INSERT INTO "tupa" VALUES('2017-03-18 18:12:19',5680515860398080,5156929819115520);
INSERT INTO "tupa" VALUES('2017-03-18 18:12:35',0,5403550330912768);
INSERT INTO "tupa" VALUES('2017-03-18 18:13:12',0,5403550330912768);
INSERT INTO "tupa" VALUES('2017-03-18 18:15:48',0,5176295424000000);
INSERT INTO "tupa" VALUES('2017-03-18 18:17:10',5091900256157696,6302195330842624);
INSERT INTO "tupa" VALUES('2017-03-18 18:17:17',6439872654999552,6016761333809152);
INSERT INTO "tupa" VALUES('2017-03-18 18:17:22',0,5403550330912768);
INSERT INTO "tupa" VALUES('2017-03-18 18:17:24',5627413958492160,5453811380387840);
INSERT INTO "tupa" VALUES('2017-03-18 18:17:46',0,5403550330912768);
INSERT INTO "tupa" VALUES('2017-03-18 18:17:47',0,5403550330912768);
INSERT INTO "tupa" VALUES('2017-03-18 18:18:09',0,5403550330912768);
INSERT INTO "tupa" VALUES('2017-03-18 18:18:09',5091900256157696,5156929819115520);
INSERT INTO "tupa" VALUES('2017-03-18 18:18:16',5920664393351168,4718466942631936);
INSERT INTO "tupa" VALUES('2017-03-18 18:18:28',0,5403550330912768);
INSERT INTO "tupa" VALUES('2017-03-18 18:18:29',5920664393351168,4718466942631936);
INSERT INTO "tupa" VALUES('2017-03-18 18:18:30',0,5403550330912768);
INSERT INTO "tupa" VALUES('2017-03-18 18:18:32',0,5176295424000000);
INSERT INTO "tupa" VALUES('2017-03-18 18:18:50',0,5403550330912768);
INSERT INTO "tupa" VALUES('2017-03-18 18:19:05',0,5403550330912768);
INSERT INTO "tupa" VALUES('2017-03-18 18:19:08',0,5403550330912768);
INSERT INTO "tupa" VALUES('2017-03-18 18:19:27',0,5403550330912768);
INSERT INTO "tupa" VALUES('2017-03-18 18:19:40',5248912583557120,5403550330912768);
INSERT INTO "tupa" VALUES('2017-03-18 18:21:38',5548019474759680,6700862650974208);
INSERT INTO "tupa" VALUES('2017-03-18 18:21:40',5373375232868352,5654850209579008);
INSERT INTO "tupa" VALUES('2017-03-18 18:21:53',5876922701578240,5156929819115520);
INSERT INTO "tupa" VALUES('2017-03-18 18:22:25',5091900256157696,6302195330842624);
INSERT INTO "tupa" VALUES('2017-03-18 18:22:54',5876922701578240,6302195330842624);
INSERT INTO "tupa" VALUES('2017-03-18 18:23:56',4642982221316096,5176295424000000);
INSERT INTO "tupa" VALUES('2017-03-18 18:25:02',4642982221316096,5176295424000000);
INSERT INTO "tupa" VALUES('2017-03-18 18:25:52',6020720354131968,4718466942631936);
INSERT INTO "tupa" VALUES('2017-03-18 18:25:55',6020720354131968,4718466942631936);
INSERT INTO "tupa" VALUES('2017-03-18 18:28:08',4854848931495936,5654850209579008);
INSERT INTO "tupa" VALUES('2017-03-18 18:29:30',5209879383900160,6016761333809152);
INSERT INTO "tupa" VALUES('2017-03-18 18:30:02',6592732554330112,4882199283236864);
INSERT INTO "tupa" VALUES('2017-03-18 18:30:56',6471838888624128,6302195330842624);
INSERT INTO "tupa" VALUES('2017-03-18 18:32:23',6374812490399744,4718466942631936);
INSERT INTO "tupa" VALUES('2017-03-18 18:32:27',6374812490399744,4718466942631936);
INSERT INTO "tupa" VALUES('2017-03-18 18:33:20',0,5389650071912448);
INSERT INTO "tupa" VALUES('2017-03-18 18:34:50',0,5403550330912768);
INSERT INTO "tupa" VALUES('2017-03-18 18:35:09',4763145205710848,5403550330912768);
INSERT INTO "tupa" VALUES('2017-03-18 18:35:14',0,5389650071912448);
INSERT INTO "tupa" VALUES('2017-03-18 18:36:20',0,5389650071912448);
INSERT INTO "tupa" VALUES('2017-03-18 18:37:46',5844366849474560,5389650071912448);
INSERT INTO "tupa" VALUES('2017-03-18 18:37:50',0,6302195330842624);
INSERT INTO "tupa" VALUES('2017-03-18 18:38:17',0,6302195330842624);
INSERT INTO "tupa" VALUES('2017-03-18 18:38:36',0,6302195330842624);
INSERT INTO "tupa" VALUES('2017-03-18 18:39:14',0,6016761333809152);
INSERT INTO "tupa" VALUES('2017-03-18 18:39:14',6305800419016704,6302195330842624);
INSERT INTO "tupa" VALUES('2017-03-18 18:39:28',5844366849474560,5403550330912768);
INSERT INTO "tupa" VALUES('2017-03-18 18:39:29',5373375232868352,5156929819115520);
INSERT INTO "tupa" VALUES('2017-03-18 18:39:43',6601115927838720,5654850209579008);
INSERT INTO "tupa" VALUES('2017-03-18 18:40:40',5076239463219200,4965084904292352);
INSERT INTO "tupa" VALUES('2017-03-18 18:41:38',5739141090246656,4718466942631936);
INSERT INTO "tupa" VALUES('2017-03-18 18:41:48',0,4718466942631936);
INSERT INTO "tupa" VALUES('2017-03-18 18:41:56',6653934764556288,6016761333809152);
INSERT INTO "tupa" VALUES('2017-03-18 18:42:05',5739141090246656,4718466942631936);
INSERT INTO "tupa" VALUES('2017-03-18 18:44:16',0,6302195330842624);
INSERT INTO "tupa" VALUES('2017-03-18 18:44:20',5313972748156928,6302195330842624);
INSERT INTO "tupa" VALUES('2017-03-18 18:44:32',4763145205710848,5389650071912448);
INSERT INTO "tupa" VALUES('2017-03-18 18:48:26',0,5403550330912768);
INSERT INTO "tupa" VALUES('2017-03-18 18:48:47',0,6700862650974208);
INSERT INTO "tupa" VALUES('2017-03-18 18:49:01',4685962630135808,4718466942631936);
INSERT INTO "tupa" VALUES('2017-03-18 18:49:02',0,5403550330912768);
INSERT INTO "tupa" VALUES('2017-03-18 18:49:05',4685962630135808,4718466942631936);
INSERT INTO "tupa" VALUES('2017-03-18 18:49:09',0,6700862650974208);
INSERT INTO "tupa" VALUES('2017-03-18 18:49:25',0,5403550330912768);
INSERT INTO "tupa" VALUES('2017-03-18 18:49:43',6020720354131968,5403550330912768);
INSERT INTO "tupa" VALUES('2017-03-18 18:49:48',6190363911913472,6700862650974208);
INSERT INTO "tupa" VALUES('2017-03-18 18:50:18',0,5453811380387840);
INSERT INTO "tupa" VALUES('2017-03-18 18:51:31',0,5453811380387840);
INSERT INTO "tupa" VALUES('2017-03-18 18:51:40',6358096477683712,5453811380387840);
INSERT INTO "tupa" VALUES('2017-03-18 18:51:52',0,5176295424000000);
INSERT INTO "tupa" VALUES('2017-03-18 18:52:13',4810425279447040,5156929819115520);
INSERT INTO "tupa" VALUES('2017-03-18 18:52:15',6358096477683712,5453811380387840);
INSERT INTO "tupa" VALUES('2017-03-18 18:52:29',4967437606846464,5654850209579008);
INSERT INTO "tupa" VALUES('2017-03-18 18:52:41',6439872654999552,5176295424000000);
INSERT INTO "tupa" VALUES('2017-03-18 18:53:00',6439872654999552,5176295424000000);
INSERT INTO "tupa" VALUES('2017-03-18 18:53:11',0,5389650071912448);
INSERT INTO "tupa" VALUES('2017-03-18 18:53:31',0,5389650071912448);
INSERT INTO "tupa" VALUES('2017-03-18 18:53:48',0,5389650071912448);
INSERT INTO "tupa" VALUES('2017-03-18 18:53:50',5920664393351168,5389650071912448);
INSERT INTO "tupa" VALUES('2017-03-18 18:54:56',4928404407189504,6700862650974208);
INSERT INTO "tupa" VALUES('2017-03-18 18:57:02',6374812490399744,5403550330912768);
INSERT INTO "tupa" VALUES('2017-03-18 18:58:34',6653934764556288,4965084904292352);
INSERT INTO "tupa" VALUES('2017-03-18 18:59:25',5795146524262400,4718466942631936);
INSERT INTO "tupa" VALUES('2017-03-18 18:59:27',5795146524262400,4718466942631936);
INSERT INTO "tupa" VALUES('2017-03-18 19:03:29',0,6700862650974208);
INSERT INTO "tupa" VALUES('2017-03-18 19:03:29',6020720354131968,5389650071912448);
INSERT INTO "tupa" VALUES('2017-03-18 19:03:33',4763145205710848,6700862650974208);
INSERT INTO "tupa" VALUES('2017-03-18 19:05:39',0,6302195330842624);
INSERT INTO "tupa" VALUES('2017-03-18 19:05:51',4810425279447040,5654850209579008);
INSERT INTO "tupa" VALUES('2017-03-18 19:06:17',4967437606846464,5156929819115520);
INSERT INTO "tupa" VALUES('2017-03-18 19:06:49',6358096477683712,4965084904292352);
INSERT INTO "tupa" VALUES('2017-03-18 19:07:07',5844366849474560,6700862650974208);
INSERT INTO "tupa" VALUES('2017-03-18 19:08:46',6374812490399744,5389650071912448);
INSERT INTO "tupa" VALUES('2017-03-18 19:08:52',5209879383900160,5176295424000000);
INSERT INTO "tupa" VALUES('2017-03-18 19:09:12',5209879383900160,5176295424000000);
INSERT INTO "tupa" VALUES('2017-03-18 19:09:26',5373375232868352,6302195330842624);
INSERT INTO "tupa" VALUES('2017-03-18 19:12:10',5466832647487488,4718466942631936);
INSERT INTO "tupa" VALUES('2017-03-18 19:12:18',5466832647487488,4718466942631936);
INSERT INTO "tupa" VALUES('2017-03-18 19:16:37',5739141090246656,5389650071912448);
INSERT INTO "tupa" VALUES('2017-03-18 19:17:43',0,6302195330842624);
INSERT INTO "tupa" VALUES('2017-03-18 19:18:20',4810425279447040,6302195330842624);
INSERT INTO "tupa" VALUES('2017-03-18 19:22:52',4685962630135808,5389650071912448);
INSERT INTO "tupa" VALUES('2017-03-18 19:22:56',0,4718466942631936);
INSERT INTO "tupa" VALUES('2017-03-18 19:23:14',6202139370061824,5156929819115520);
INSERT INTO "tupa" VALUES('2017-03-18 19:23:22',6110969428180992,4882199283236864);
INSERT INTO "tupa" VALUES('2017-03-18 19:23:25',0,4718466942631936);
INSERT INTO "tupa" VALUES('2017-03-18 19:24:03',6001354749247488,5403550330912768);
INSERT INTO "tupa" VALUES('2017-03-18 19:24:23',6001354749247488,4718466942631936);
INSERT INTO "tupa" VALUES('2017-03-18 19:24:40',0,6016761333809152);
INSERT INTO "tupa" VALUES('2017-03-18 19:24:52',0,6016761333809152);
INSERT INTO "tupa" VALUES('2017-03-18 19:25:05',6579711287230464,5654850209579008);
INSERT INTO "tupa" VALUES('2017-03-18 19:25:14',6601880566235136,6016761333809152);
INSERT INTO "tupa" VALUES('2017-03-18 19:28:45',6653934764556288,5176295424000000);
INSERT INTO "tupa" VALUES('2017-03-18 19:29:14',6653934764556288,5176295424000000);
INSERT INTO "tupa" VALUES('2017-03-18 19:33:24',5076239463219200,5654850209579008);
INSERT INTO "tupa" VALUES('2017-03-18 19:34:31',5627413958492160,6016761333809152);
INSERT INTO "tupa" VALUES('2017-03-18 19:35:11',6653934764556288,4718466942631936);
INSERT INTO "tupa" VALUES('2017-03-18 19:35:13',6358096477683712,5403550330912768);
INSERT INTO "tupa" VALUES('2017-03-18 19:36:12',4875454842404864,5156929819115520);
INSERT INTO "tupa" VALUES('2017-03-18 19:39:34',0,6700862650974208);
INSERT INTO "tupa" VALUES('2017-03-18 19:39:57',0,6700862650974208);
INSERT INTO "tupa" VALUES('2017-03-18 19:40:01',6001354749247488,5389650071912448);
INSERT INTO "tupa" VALUES('2017-03-18 19:40:21',6439872654999552,6700862650974208);
INSERT INTO "tupa" VALUES('2017-03-18 19:40:53',0,5176295424000000);
INSERT INTO "tupa" VALUES('2017-03-18 19:41:02',6358096477683712,5176295424000000);
INSERT INTO "tupa" VALUES('2017-03-18 19:41:04',6358096477683712,5176295424000000);
INSERT INTO "tupa" VALUES('2017-03-18 19:42:23',6653934764556288,5654850209579008);
INSERT INTO "tupa" VALUES('2017-03-18 19:48:36',5627413958492160,5156929819115520);
INSERT INTO "tupa" VALUES('2017-03-18 19:48:47',6358096477683712,6302195330842624);
INSERT INTO "tupa" VALUES('2017-03-18 19:49:07',5076239463219200,4718466942631936);
INSERT INTO "tupa" VALUES('2017-03-18 19:49:08',5076239463219200,6016761333809152);
INSERT INTO "tupa" VALUES('2017-03-18 19:49:13',5209879383900160,6700862650974208);
INSERT INTO "tupa" VALUES('2017-03-18 19:49:28',6358096477683712,5654850209579008);
INSERT INTO "tupa" VALUES('2017-03-18 19:49:45',6358096477683712,5389650071912448);
INSERT INTO "tupa" VALUES('2017-03-18 19:52:32',6358096477683712,4718466942631936);
INSERT INTO "tupa" VALUES('2017-03-18 19:53:06',6358096477683712,6016761333809152);
INSERT INTO "tupa" VALUES('2017-03-18 19:54:59',6653934764556288,4882199283236864);
INSERT INTO "tupa" VALUES('2017-03-18 19:58:42',0,5156929819115520);
INSERT INTO "tupa" VALUES('2017-03-18 19:58:57',6601880566235136,5156929819115520);
INSERT INTO "tupa" VALUES('2017-03-18 19:59:57',6358096477683712,6700862650974208);
INSERT INTO "tupa" VALUES('2017-03-18 20:04:07',6358096477683712,4882199283236864);
INSERT INTO "tupa" VALUES('2017-03-18 20:05:38',6358096477683712,5156929819115520);
INSERT INTO "tupa" VALUES('2017-03-18 20:31:18',0,6700862650974208);
INSERT INTO "tupa" VALUES('2017-03-19 09:06:20',0,5574962744131584);
DELETE FROM sqlite_sequence;
INSERT INTO "sqlite_sequence" VALUES('kilpailut',5372934059196416);
INSERT INTO "sqlite_sequence" VALUES('sarjat',5639189416640512);
INSERT INTO "sqlite_sequence" VALUES('joukkueet',6700862650974208);
INSERT INTO "sqlite_sequence" VALUES('rastit',6683675802468352);
COMMIT;
